,15000,15500,16000,16500,17000,17500,18000,18500,19000,19500,20000,20500,21000,21500,22000,22500,23000,23500,24000,24500,25000,25500,26000,26500,27000,27500,28000
2023-01-01 00:00:00,269.0,269.0,250.0,250.0,52.0,,,,,,,,,,,,,,,,,,,,,,
2023-01-01 12:00:00,,300.5,303.3333333333333,65.0,105.0,90.0,135.0,248.33333333333334,307.6666666666667,297.3333333333333,294.5,295.0,300.0,290.5,,,,,,,,,,,,,
2023-01-02 00:00:00,310.0,272.5,192.5,108.33333333333333,100.0,95.66666666666667,88.5,233.33333333333334,302.5,276.0,290.0,269.5,265.0,270.0,,,,,,,,,,,,,
2023-01-02 12:00:00,,310.0,280.0,161.66666666666666,130.0,92.5,207.75,318.5,302.0,288.3333333333333,270.0,277.5,277.5,277.5,220.0,220.0,220.0,,,,,,,,,,
2023-01-03 00:00:00,304.0,310.0,240.0,190.0,120.0,70.0,95.5,287.6,287.6,250.5,275.0,275.0,275.0,255.0,245.0,,,,,,,,,,,,
2023-01-03 12:00:00,300.0,245.0,245.0,176.25,60.25,33.0,309.6666666666667,273.75,260.0,285.0,285.0,255.0,247.0,247.0,260.0,,,,,,,,,,,,
2023-01-04 00:00:00,298.5,270.0,270.0,179.25,97.5,55.0,40.0,227.5,,,,,,,,,,,,,,,,,,,
2023-01-04 12:00:00,290.0,255.0,230.0,223.33333333333334,226.66666666666666,33.333333333333336,295.0,231.25,231.25,272.5,259.0,255.66666666666666,255.66666666666666,265.0,270.0,287.5,,,,,,,,,,,
2023-01-05 00:00:00,,233.0,195.0,183.5,208.0,208.0,260.0,260.0,,,,,,,,,,,,,,,,,,,
2023-01-05 12:00:00,267.5,220.0,198.33333333333334,267.5,348.0,352.5,293.0,270.0,257.0,257.0,275.0,280.0,285.0,256.5,256.5,250.0,250.0,,,,,,,,,,
2023-01-06 00:00:00,285.0,249.5,230.0,223.75,295.0,307.5,267.5,255.0,236.5,257.0,275.0,,,,,,,,,,,,,,,,
2023-01-06 12:00:00,292.6666666666667,267.5,240.0,215.0,280.0,165.0,355.0,287.5,287.5,273.5,280.0,265.0,,,,,,,,,,,,,,,
2023-01-07 00:00:00,275.0,238.66666666666666,220.0,234.33333333333334,250.0,250.0,329.3333333333333,280.3333333333333,259.6666666666667,252.5,273.5,263.6666666666667,250.0,275.0,272.0,265.0,270.0,,,,,,,,,,
2023-01-07 12:00:00,290.0,235.0,225.0,249.66666666666666,300.3333333333333,300.3333333333333,305.0,299.5,269.0,275.0,266.0,270.0,274.5,260.0,265.0,262.5,,,,,,,,,,,
2023-01-08 00:00:00,253.33333333333334,253.33333333333334,217.5,223.0,282.5,184.5,214.5,291.0,262.5,282.0,270.0,270.0,,,,,,,,,,,,,,,
2023-01-08 12:00:00,,227.0,290.0,306.6666666666667,162.5,302.5,195.0,323.25,275.0,275.0,284.0,255.0,255.0,,,,,,,,,,,,,,
2023-01-09 00:00:00,235.5,217.5,220.0,280.0,305.0,320.0,,,,,,,,,,,,,,,,,,,,,
2023-01-09 12:00:00,235.0,243.0,265.0,321.6666666666667,342.0,9.0,265.0,238.0,270.0,286.6666666666667,265.0,260.5,258.0,255.0,255.0,270.0,270.5,280.0,280.0,271.0,271.0,261.5,290.0,290.0,,,
2023-01-10 00:00:00,,,,119.0,65.0,137.5,209.5,235.0,276.0,276.0,260.5,265.0,267.0,267.0,273.0,275.0,275.0,289.5,289.5,294.5,,,,,,,
2023-01-10 12:00:00,250.0,305.0,216.66666666666666,34.5,72.5,33.0,242.5,270.5,276.0,276.0,260.0,277.6666666666667,280.0,278.0,278.0,270.0,270.0,273.5,273.5,270.0,,,,,,,
2023-01-11 00:00:00,338.0,6.0,6.0,48.5,,,,,,,,,,,,,,,,,,,,,,,
2023-01-11 12:00:00,,260.0,320.0,258.25,177.5,58.333333333333336,16.0,296.0,280.0,280.0,280.0,280.0,270.0,260.0,260.0,270.0,270.0,270.0,,,,,,,,,
2023-01-12 00:00:00,289.0,290.0,337.5,239.66666666666666,190.0,104.66666666666667,93.0,250.0,235.0,,,,,,,,,,,,,,,,,,
2023-01-12 12:00:00,,292.3333333333333,132.0,100.5,,,,,,,,,,,,,,,,,,,,,,,
2023-01-13 00:00:00,268.5,340.0,15.0,215.0,197.5,107.5,156.0,240.0,281.5,292.5,285.0,278.6666666666667,278.6666666666667,269.5,285.0,270.0,287.0,300.0,,,,,,,,,
2023-01-13 12:00:00,200.0,331.0,65.33333333333333,320.0,305.0,20.0,312.5,296.5,305.0,305.0,276.0,,,,,,,,,,,,,,,,
2023-01-14 00:00:00,169.0,101.66666666666667,177.5,300.0,11.666666666666666,350.0,286.5,293.5,320.0,277.5,265.0,265.0,,,,,,,,,,,,,,,
2023-01-14 12:00:00,104.6,65.0,292.5,270.0,307.5,48.666666666666664,116.5,295.0,335.0,266.3333333333333,260.0,250.0,255.0,255.0,264.0,260.0,280.0,275.0,,,,,,,,,
2023-01-15 00:00:00,164.0,113.33333333333333,105.0,246.66666666666666,187.5,109.0,189.5,277.5,251.5,263.3333333333333,263.3333333333333,250.0,250.0,222.0,222.0,260.0,295.0,290.0,,,,,,,,,
2023-01-15 12:00:00,177.5,130.0,118.33333333333333,109.5,125.0,144.0,272.3333333333333,259.3333333333333,285.0,253.33333333333334,255.0,250.0,265.5,285.0,285.0,285.0,285.0,285.0,285.0,264.0,,,,,,,
2023-01-16 00:00:00,286.6666666666667,240.0,210.0,153.0,160.0,131.66666666666666,232.5,261.3333333333333,277.6666666666667,255.0,270.0,257.0,275.5,290.0,310.0,310.0,285.0,285.0,291.6666666666667,291.6666666666667,298.0,,,,,,
2023-01-16 12:00:00,235.0,200.0,60.0,105.0,150.0,40.0,17.0,287.25,275.0,245.0,252.0,255.33333333333334,265.0,295.0,295.0,296.0,265.0,275.0,,,,,,,,,
2023-01-17 00:00:00,195.0,290.0,290.0,87.5,35.0,349.0,239.0,221.33333333333334,221.33333333333334,260.0,270.0,275.0,289.0,302.6666666666667,302.6666666666667,305.0,270.0,284.5,,,,,,,,,
2023-01-17 12:00:00,210.5,101.66666666666667,101.66666666666667,132.5,333.0,9.0,238.5,233.5,245.0,270.0,276.6666666666667,300.0,,,,,,,,,,,,,,,
2023-01-21 00:00:00,,268.3333333333333,280.0,270.0,255.0,180.0,245.0,238.0,244.5,244.5,270.0,270.0,282.5,302.0,305.0,,,,,,,,,,,,
2023-01-21 12:00:00,285.0,255.0,229.0,220.0,215.0,214.66666666666666,296.5,266.6666666666667,261.0,262.5,289.0,295.0,300.0,305.0,267.0,250.0,239.0,227.5,220.0,260.0,260.0,270.0,260.0,,,,
2023-01-22 00:00:00,,218.0,207.0,223.75,153.75,182.5,182.5,282.75,260.0,285.5,285.5,277.5,285.0,250.0,241.0,235.0,235.0,265.0,,,,,,,,,
2023-01-22 12:00:00,206.66666666666666,206.0,190.0,206.66666666666666,310.0,317.5,295.0,291.5,304.3333333333333,295.0,269.0,253.25,243.0,236.0,236.0,250.0,272.5,280.0,276.0,263.0,280.0,280.0,266.0,,,,
2023-01-23 00:00:00,214.0,215.0,180.0,204.0,261.5,297.5,105.0,312.6,290.5,286.0,265.0,245.0,245.0,270.6666666666667,270.6666666666667,273.3333333333333,273.3333333333333,295.0,,,,,,,,,
2023-01-23 12:00:00,214.5,214.5,210.0,281.5,315.3333333333333,50.0,49.5,314.75,305.0,300.6666666666667,245.0,260.6666666666667,235.0,240.0,260.5,316.0,315.0,287.5,269.0,269.0,230.0,,,,,,
2023-01-24 00:00:00,195.0,186.5,180.0,,,,,,,,,,,,,,,,,,,,,,,,
2023-01-24 12:00:00,190.0,165.0,327.5,233.33333333333334,42.5,42.5,186.33333333333334,221.66666666666666,280.0,286.75,264.0,306.0,315.0,330.0,280.0,290.0,235.0,240.0,,,,,,,,,
2023-01-25 00:00:00,215.0,275.0,289.0,27.5,45.0,136.66666666666666,192.5,235.0,293.75,228.33333333333334,277.5,277.0,309.0,301.0,293.0,281.0,281.0,300.0,300.0,323.0,,,,,,,
2023-01-25 12:00:00,,290.0,8.5,20.0,92.66666666666667,170.0,195.0,253.0,320.0,306.3333333333333,289.6666666666667,315.0,306.3333333333333,285.0,250.0,270.3333333333333,280.0,289.3333333333333,289.3333333333333,289.3333333333333,300.0,300.0,,,,,
2023-01-26 00:00:00,300.0,300.0,302.5,48.666666666666664,60.0,,,,,,,,,,,,,,,,,,,,,,
2023-01-26 12:00:00,299.0,336.0,50.0,60.0,72.5,201.66666666666666,270.0,280.0,267.0,296.0,302.5,279.3333333333333,235.0,240.0,240.0,279.0,290.0,290.0,,,,,,,,,
2023-01-27 00:00:00,,,,44.0,,,,,,,,,,,,,,,,,,,,,,,
2023-01-27 12:00:00,267.5,313.6666666666667,335.0,310.0,265.0,287.5,337.5,284.25,231.0,250.0,250.0,263.3333333333333,250.0,274.5,274.5,279.0,245.0,245.0,245.0,225.0,210.0,257.5,307.5,325.0,,,
2023-01-28 00:00:00,340.0,40.0,141.66666666666666,287.5,326.6666666666667,4.0,,,,,,,,,,,,,,,,,,,,,
2023-01-30 12:00:00,355.0,15.0,5.0,30.0,41.666666666666664,165.25,299.0,259.6,285.0,285.0,281.0,282.0,275.0,275.0,258.5,240.0,240.0,230.66666666666666,235.0,233.66666666666666,255.0,,,,,,
2023-01-31 00:00:00,338.0,342.5,5.0,20.0,42.5,149.5,196.5,195.6,250.0,279.0,270.0,253.33333333333334,260.0,253.0,253.0,245.0,254.33333333333334,260.0,259.5,255.0,255.0,320.0,320.0,,,,
2023-01-31 12:00:00,,345.0,18.0,27.5,161.0,160.0,150.0,247.2,300.0,252.25,265.0,258.5,248.0,241.0,241.0,247.0,253.0,255.0,241.5,275.0,275.0,229.0,,,,,
2023-02-01 00:00:00,10.0,10.0,215.0,144.0,193.33333333333334,193.33333333333334,67.66666666666667,209.8,230.0,239.0,255.0,255.0,250.0,258.0,270.0,,,,,,,,,,,,
2023-02-01 12:00:00,270.0,270.0,27.5,18.333333333333332,187.5,195.0,203.33333333333334,230.2,230.2,265.0,265.0,260.0,274.0,267.6666666666667,267.6666666666667,255.66666666666666,255.66666666666666,275.0,290.0,280.0,280.0,289.0,,,,,
2023-02-02 00:00:00,240.0,187.5,187.5,37.5,21.0,27.5,204.5,223.33333333333334,,,,,,,,,,,,,,,,,,,
2023-02-02 12:00:00,345.0,20.0,20.0,60.0,70.0,63.666666666666664,54.0,234.25,294.0,286.0,290.0,277.5,277.5,276.0,276.0,304.0,310.0,272.5,266.0,255.0,,,,,,,
2023-02-03 00:00:00,285.0,10.0,105.0,75.0,81.0,58.333333333333336,100.0,,,,,,,,,,,,,,,,,,,,
2023-02-03 12:00:00,250.0,269.5,265.25,62.333333333333336,100.0,75.5,21.666666666666668,316.8,267.5,247.33333333333334,260.0,275.0,275.0,267.5,249.5,249.5,240.0,215.0,225.0,,,,,,,,
2023-02-04 00:00:00,139.0,139.0,95.0,105.0,105.0,105.0,105.0,124.66666666666667,147.0,147.0,280.0,280.0,,,,,,,,,,,,,,,
2023-02-04 12:00:00,,,,,,,,,,,,,,,,,,,,,,,,,,,
2023-03-05 12:00:00,263.5,255.5,255.5,232.5,215.0,315.0,50.0,86.25,325.0,265.0,272.5,280.0,280.0,280.0,295.0,,,,,,,,,,,,
2023-03-06 12:00:00,,,280.0,255.0,217.5,308.3333333333333,33.0,37.2,306.0,279.0,300.0,295.0,260.0,260.0,255.0,255.0,261.0,260.0,260.0,250.0,250.0,273.5,265.0,269.0,,,
2023-03-07 12:00:00,,,300.0,295.0,245.0,255.0,140.0,157.8,218.33333333333334,280.0,280.0,237.0,237.0,257.5,249.0,249.0,275.5,280.0,280.0,271.0,,,,,,,
2023-03-08 12:00:00,293.0,300.0,299.5,295.0,295.0,223.33333333333334,167.5,136.8,175.0,256.5,270.0,275.0,277.0,280.0,280.0,278.0,290.0,275.0,275.0,272.0,270.0,241.0,260.0,,,,
2023-03-09 12:00:00,295.0,290.0,305.0,294.0,294.0,165.0,88.4,312.5,312.5,276.0,278.0,280.0,278.0,274.5,274.5,270.0,255.0,264.5,264.5,279.5,,,,,,,
2023-03-10 12:00:00,240.0,240.0,296.0,320.25,246.66666666666666,302.5,70.16666666666667,304.0,292.5,285.0,281.6666666666667,274.0,274.0,255.0,255.0,,,,,,,,,,,,
2023-03-11 12:00:00,,184.0,287.5,216.66666666666666,216.66666666666666,47.666666666666664,127.5,270.0,263.5,272.0,277.0,275.0,275.0,244.0,265.0,280.0,,,,,,,,,,,
2023-03-12 12:00:00,193.0,270.0,285.0,285.0,80.75,233.2,285.0,281.6666666666667,282.0,275.0,277.0,267.6666666666667,254.5,280.0,275.0,275.0,280.0,280.0,284.0,,,,,,,,
2023-03-13 12:00:00,110.0,103.66666666666667,300.0,305.0,305.0,324.0,288.0,293.5,290.0,289.0,275.0,285.5,295.0,295.0,295.0,295.0,300.0,272.5,,,,,,,,,
2023-03-14 12:00:00,,84.33333333333333,325.0,226.66666666666666,35.0,45.333333333333336,287.0,261.0,266.0,295.0,295.0,295.0,295.0,287.5,,,,,,,,,,,,,
2023-03-15 12:00:00,60.0,75.0,335.0,355.0,88.33333333333333,90.66666666666667,89.5,270.75,295.0,295.0,295.0,295.0,280.3333333333333,265.5,240.0,269.0,250.0,250.0,250.0,245.0,,,,,,,
2023-03-16 12:00:00,70.0,245.0,180.0,182.0,92.5,190.33333333333334,293.3333333333333,295.0,285.5,295.0,290.0,265.0,249.5,277.5,,,,,,,,,,,,,
2023-03-17 12:00:00,222.5,302.5,317.5,332.5,350.0,97.5,242.5,298.3333333333333,243.33333333333334,236.0,246.5,294.5,302.0,290.0,290.0,260.0,260.0,257.5,257.5,250.0,250.0,,,,,,
2023-03-18 12:00:00,330.0,330.0,15.0,255.0,325.0,12.5,345.0,287.75,302.0,305.0,339.5,339.3333333333333,295.0,251.5,251.5,248.0,245.5,,,,,,,,,,
2023-03-19 12:00:00,22.333333333333332,58.333333333333336,222.66666666666666,260.0,305.0,350.0,100.0,211.0,285.0,173.0,2.0,265.0,,,,,,,,,,,,,,,
2023-03-20 12:00:00,240.0,92.5,200.0,307.6666666666667,30.0,30.0,271.0,23.75,61.333333333333336,117.8,271.0,277.5,277.5,250.0,270.0,270.0,264.0,260.0,262.0,262.5,267.0,,,,,,
2023-03-21 12:00:00,240.0,240.0,245.0,290.0,304.6,275.0,160.0,27.5,44.25,208.0,255.0,265.5,275.0,275.0,252.33333333333334,252.33333333333334,263.0,280.0,292.3333333333333,292.3333333333333,275.0,275.0,330.0,,,,
2023-03-22 12:00:00,254.5,254.5,240.0,306.6666666666667,352.5,19.25,190.0,48.75,138.5,220.0,251.33333333333334,248.33333333333334,265.0,260.0,253.0,270.0,,,,,,,,,,,
2023-03-23 12:00:00,265.0,255.0,295.0,296.6666666666667,225.66666666666666,270.0,171.25,165.0,213.0,255.0,272.6666666666667,264.5,269.0,260.0,267.0,267.0,285.0,285.0,283.5,235.0,,,,,,,
2023-03-24 12:00:00,,280.0,278.3333333333333,284.3333333333333,275.0,10.0,80.5,208.33333333333334,261.0,269.0,276.0,285.0,,,,,,,,,,,,,,,
2023-03-26 12:00:00,184.5,180.5,215.0,231.66666666666666,252.66666666666666,252.5,226.5,316.6666666666667,300.0,260.0,252.5,245.0,237.5,263.5,263.5,290.0,290.0,265.0,,,,,,,,,
2023-03-27 12:00:00,260.0,241.66666666666666,241.66666666666666,230.0,217.0,276.0,300.0,272.8,323.0,226.0,215.0,277.5,286.0,295.0,260.0,260.0,267.0,270.0,,,,,,,,,
2023-03-28 12:00:00,259.0,259.0,255.0,232.5,235.0,147.33333333333334,112.66666666666667,136.5,185.0,242.5,290.0,290.5,282.5,267.5,267.5,285.0,285.0,254.33333333333334,,,,,,,,,
2023-03-29 12:00:00,232.0,254.0,275.0,303.3333333333333,59.75,117.5,87.5,157.5,315.0,290.5,287.0,270.0,270.0,270.0,270.0,270.0,286.0,271.0,271.0,280.0,270.0,260.5,264.0,275.0,313.0,320.0,
2023-03-30 12:00:00,260.0,248.0,310.0,220.0,77.5,85.0,79.16666666666667,292.3333333333333,300.0,303.5,250.0,260.0,285.0,286.5,301.5,301.5,260.0,260.0,,,,,,,,,
2023-03-31 00:00:00,,268.6666666666667,315.0,320.0,100.0,110.0,81.5,191.25,290.0,287.3333333333333,255.0,250.0,252.5,277.5,288.6666666666667,267.5,250.0,270.0,,,,,,,,,
2023-03-31 12:00:00,270.0,260.0,313.0,335.0,115.0,85.0,82.5,180.0,180.0,280.0,265.0,265.0,,,,,,,,,,,,,,,
2023-04-01 00:00:00,282.0,284.3333333333333,250.0,275.0,207.66666666666666,126.0,92.0,135.75,256.0,282.5,270.0,257.5,265.0,291.75,282.0,285.0,275.0,265.0,259.0,250.0,255.0,,,,,,
2023-04-01 12:00:00,275.0,272.0,266.0,271.25,215.0,82.5,53.0,162.75,350.0,255.0,240.0,285.0,285.0,275.0,267.0,272.0,275.0,,,,,,,,,,
2023-04-02 00:00:00,245.0,258.0,258.0,266.6666666666667,216.66666666666666,41.25,113.33333333333333,254.25,243.33333333333334,240.0,240.0,267.0,283.5,272.5,290.0,295.0,295.0,286.0,,,,,,,,,
2023-04-02 12:00:00,257.0,250.0,250.0,283.5,275.0,292.0,81.0,143.25,143.25,211.75,290.0,305.0,310.0,282.5,270.0,270.0,270.0,270.0,270.0,,,,,,,,
2023-04-03 00:00:00,,250.0,255.0,281.25,299.0,334.0,28.0,72.75,220.0,229.66666666666666,311.6666666666667,290.0,281.0,275.0,,,,,,,,,,,,,
2023-04-03 12:00:00,245.0,235.5,235.5,304.0,332.5,47.5,90.33333333333333,99.0,271.0,295.0,319.0,296.0,279.0,265.0,,,,,,,,,,,,,
2023-04-04 00:00:00,,245.0,230.0,267.75,18.0,107.66666666666667,128.8,132.25,290.0,291.0,315.0,271.5,280.0,282.0,285.0,290.0,283.0,270.0,270.0,,,,,,,,
2023-04-04 12:00:00,237.0,230.0,250.33333333333334,303.3333333333333,355.0,357.5,118.0,8.5,325.0,301.3333333333333,294.5,257.5,263.5,275.0,275.0,275.0,275.0,270.0,267.5,,,,,,,,
2023-04-05 00:00:00,,232.33333333333334,232.33333333333334,306.0,220.0,135.0,111.66666666666667,135.33333333333334,305.0,257.5,250.5,270.0,270.0,270.0,270.0,284.0,,,,,,,,,,,
2023-04-05 12:00:00,238.0,239.66666666666666,280.0,297.6,334.6666666666667,350.0,262.0,34.0,250.0,235.0,235.0,262.5,262.5,285.0,285.0,271.0,,,,,,,,,,,
2023-04-06 00:00:00,250.0,250.0,275.0,280.0,335.0,203.66666666666666,141.33333333333334,155.5,230.0,256.0,261.0,265.0,275.0,268.0,265.0,255.0,,,,,,,,,,,
2023-04-06 12:00:00,255.33333333333334,255.33333333333334,300.0,312.5,228.0,202.33333333333334,195.0,236.0,252.5,265.0,265.0,265.0,262.5,250.0,250.0,289.0,289.0,,,,,,,,,,
2023-04-07 00:00:00,,247.5,280.0,312.5,181.33333333333334,153.0,175.0,,,,,,,,,,,,,,,,,,,,
2023-04-07 12:00:00,245.0,270.0,286.6666666666667,305.0,266.3333333333333,140.25,236.5,275.0,275.0,295.0,277.5,264.3333333333333,250.0,265.0,,,,,,,,,,,,,
2023-04-08 00:00:00,,290.0,297.5,249.0,177.33333333333334,214.4,256.3333333333333,270.0,270.0,265.0,230.0,245.0,270.5,300.0,300.0,278.0,240.0,260.0,,,,,,,,,
2023-04-08 12:00:00,272.0,272.0,278.3333333333333,239.5,110.83333333333333,225.75,272.5,270.0,274.5,247.5,259.0,265.0,,,,,,,,,,,,,,,
2023-04-09 00:00:00,285.0,285.0,252.5,271.3333333333333,221.75,282.0,274.0,265.0,260.0,232.5,226.5,256.5,279.5,279.5,270.0,270.0,290.0,,,,,,,,,,
2023-04-09 12:00:00,245.0,213.5,225.0,265.0,310.0,317.5,321.0,273.0,265.0,265.3333333333333,284.0,285.0,290.0,266.0,266.0,281.6666666666667,281.6666666666667,255.0,245.0,245.0,255.0,,,,,,
2023-04-10 00:00:00,260.0,250.0,250.0,217.5,229.33333333333334,320.0,293.0,254.66666666666666,242.0,270.0,270.0,266.0,266.0,275.0,278.0,280.0,270.0,267.5,267.5,265.0,,,,,,,
2023-04-10 12:00:00,260.0,278.5,278.5,228.75,343.3333333333333,217.5,149.0,286.0,276.0,279.5,285.0,290.0,294.3333333333333,281.6666666666667,281.6666666666667,270.3333333333333,289.5,280.0,231.33333333333334,210.0,210.0,205.0,,,,,
2023-04-11 00:00:00,,,246.0,240.33333333333334,293.6666666666667,185.0,,,,,,,,,,,,,,,,,,,,,
2023-04-11 12:00:00,254.0,254.0,229.0,240.0,228.33333333333334,69.8,192.75,281.6666666666667,286.0,286.0,290.0,267.5,245.0,240.0,245.0,280.0,250.0,235.0,,,,,,,,,
2023-04-12 00:00:00,,275.0,275.0,285.0,240.0,121.0,200.0,282.0,285.0,284.0,309.0,265.25,258.0,270.0,265.5,295.0,290.0,255.0,255.0,260.0,260.0,285.0,,,,,
2023-04-12 12:00:00,265.0,266.0,310.0,248.75,107.75,169.5,305.0,297.0,278.6666666666667,315.0,267.5,262.5,285.0,276.0,277.0,249.5,249.5,267.5,261.0,,,,,,,,
2023-04-13 00:00:00,280.0,280.0,270.0,235.0,56.5,125.0,120.0,289.25,250.0,287.0,228.33333333333334,262.5,270.0,295.0,285.0,273.0,273.0,283.6666666666667,295.0,280.0,,,,,,,
2023-04-13 12:00:00,290.0,197.5,200.0,47.5,116.5,98.25,355.0,276.8333333333333,244.25,235.0,,,,,,,,,,,,,,,,,
2023-04-14 00:00:00,,321.0,321.0,350.0,95.0,95.0,231.5,231.5,231.5,267.0,275.0,285.0,285.0,279.0,277.0,274.5,274.5,270.5,,,,,,,,,
2023-04-14 12:00:00,,185.0,185.0,167.2,140.0,70.0,180.0,301.2,259.0,288.5,255.0,252.5,252.5,285.0,289.5,260.0,255.0,255.0,250.0,,,,,,,,
2023-04-15 00:00:00,215.0,189.0,195.0,181.25,175.0,96.0,70.0,192.5,233.0,270.0,270.0,261.6666666666667,260.0,289.5,285.0,235.0,235.0,260.0,,,,,,,,,
2023-04-15 12:00:00,226.0,225.0,203.0,140.0,75.66666666666667,83.5,46.333333333333336,178.66666666666666,261.3333333333333,252.5,269.5,258.6666666666667,270.0,270.0,250.0,250.0,250.0,230.0,237.5,229.0,,,,,,,
2023-04-16 00:00:00,,,,130.0,83.0,141.33333333333334,220.0,250.0,,,,,,,,,,,,,,,,,,,
2023-04-16 12:00:00,260.0,205.25,113.0,70.25,66.0,119.5,195.0,221.0,275.0,285.0,285.0,255.0,255.0,272.5,275.0,259.5,,,,,,,,,,,
2023-04-17 00:00:00,134.0,170.0,130.0,68.33333333333333,,,,,,,,,,,,,,,,,,,,,,,
2023-04-17 12:00:00,159.0,159.0,65.0,37.4,75.0,84.0,76.0,280.0,263.0,262.3333333333333,255.5,275.0,289.5,265.0,254.5,247.5,247.5,287.5,290.0,,,,,,,,
2023-04-18 00:00:00,,80.0,80.0,65.0,50.5,,,,,,,,,,,,,,,,,,,,,,
2023-04-18 12:00:00,,,,,,,,,,,,,,,,,,,,,,,,,,,
2023-04-19 00:00:00,140.0,111.0,95.0,89.0,306.6666666666667,300.0,285.0,,,,,,,,,,,,,,,,,,,,
2023-04-19 12:00:00,75.0,75.0,53.0,53.333333333333336,148.66666666666666,210.0,258.0,289.3333333333333,289.0,285.0,270.0,270.0,262.3333333333333,240.0,260.0,240.0,240.0,265.3333333333333,265.3333333333333,280.0,335.0,,,,,,
2023-04-20 00:00:00,,122.5,152.5,179.0,179.0,211.66666666666666,170.0,236.75,285.0,285.0,290.0,264.0,260.0,235.0,231.0,230.0,248.5,275.0,280.0,,,,,,,,
2023-04-20 12:00:00,,225.0,245.0,222.5,205.0,42.75,69.0,187.5,190.0,240.0,240.0,255.0,255.0,262.5,262.5,255.0,274.5,252.5,240.0,,,,,,,,
2023-04-21 00:00:00,260.0,241.33333333333334,241.33333333333334,285.0,85.25,86.66666666666667,95.0,201.66666666666666,,,,,,,,,,,,,,,,,,,
2023-04-21 12:00:00,,,,162.2,115.0,110.33333333333333,209.0,221.0,255.0,289.0,289.0,271.0,270.0,245.0,241.0,241.0,274.0,274.0,,,,,,,,,
2023-04-22 00:00:00,90.0,115.0,122.5,132.5,138.5,115.0,,,,,,,,,,,,,,,,,,,,,
2023-04-22 12:00:00,171.0,171.0,142.0,112.5,105.0,143.75,205.0,275.0,277.75,250.0,240.0,238.0,260.0,253.0,270.0,303.0,,,,,,,,,,,
2023-04-23 00:00:00,,,102.0,100.0,,,,,,,,,,,,,,,,,,,,,,,
2023-04-23 12:00:00,125.0,120.0,115.0,85.0,90.5,270.0,263.5,270.0,255.0,257.6666666666667,257.6666666666667,245.0,270.0,275.3333333333333,275.3333333333333,308.0,315.0,295.0,295.0,,,,,,,,
2023-04-24 00:00:00,,108.33333333333333,108.33333333333333,215.0,305.0,300.0,,,,,,,,,,,,,,,,,,,,,
2023-04-24 12:00:00,102.0,127.5,115.0,344.0,330.0,305.0,287.0,266.25,249.0,284.0,289.5,285.0,266.0,266.0,280.0,272.75,270.0,280.0,,,,,,,,,
2023-04-25 00:00:00,,133.0,105.0,73.25,191.0,253.33333333333334,280.0,,,,,,,,,,,,,,,,,,,,
2023-04-25 12:00:00,,,,,,,,,,,,,,,,,,,,,,,,,,,
2023-04-26 00:00:00,100.0,114.66666666666667,185.0,245.0,250.0,,,,,,,,,,,,,,,,,,,,,,
2023-04-26 12:00:00,210.0,210.0,245.0,260.0,290.0,279.0,256.3333333333333,245.0,265.0,270.0,240.0,229.0,229.0,225.0,,,,,,,,,,,,,
2023-04-27 00:00:00,,,,253.5,,,,,,,,,,,,,,,,,,,,,,,
2023-04-27 12:00:00,285.0,270.0,290.0,280.0,230.0,230.0,282.0,223.75,230.0,238.5,230.0,290.0,290.0,275.0,275.0,310.0,310.0,,,,,,,,,,
2023-04-28 00:00:00,280.5,282.5,259.0,250.0,,,,,,,,,,,,,,,,,,,,,,,
2023-04-28 12:00:00,264.0,305.0,305.0,119.0,215.0,272.5,234.0,319.0,263.5,285.0,315.0,275.0,285.0,275.0,297.0,296.6666666666667,221.33333333333334,230.0,237.0,240.0,,,,,,,
2023-04-29 00:00:00,300.0,305.0,326.0,330.6666666666667,,,,,,,,,,,,,,,,,,,,,,,
2023-04-29 12:00:00,275.0,315.3333333333333,15.0,25.0,30.0,42.5,66.0,181.66666666666666,280.0,285.0,285.0,279.3333333333333,269.6666666666667,225.0,241.0,265.0,265.0,281.0,,,,,,,,,
2023-04-30 00:00:00,231.0,270.0,270.0,30.0,,,,,,,,,,,,,,,,,,,,,,,
2023-04-30 12:00:00,262.6666666666667,315.0,0.0,29.0,90.0,77.5,228.0,278.3333333333333,265.0,235.0,233.0,245.0,258.3333333333333,250.0,284.0,295.0,295.0,340.0,,,,,,,,,
2023-05-01 00:00:00,294.0,317.5,20.0,141.25,160.0,130.25,207.5,286.6666666666667,285.0,250.0,252.0,280.0,260.0,245.0,,,,,,,,,,,,,
2023-05-01 12:00:00,230.0,230.0,261.6666666666667,175.0,90.0,143.0,143.0,277.5,275.0,235.5,290.0,,,,,,,,,,,,,,,,
2023-05-02 00:00:00,235.0,268.0,257.5,164.33333333333334,11.25,319.6666666666667,319.6666666666667,280.3333333333333,288.0,251.0,287.3333333333333,290.6666666666667,300.0,270.3333333333333,,,,,,,,,,,,,
2023-05-02 12:00:00,285.0,300.5,318.3333333333333,295.0,352.5,130.66666666666666,330.0,291.8,314.0,280.0,310.0,297.3333333333333,297.3333333333333,255.0,259.5,239.0,230.0,,,,,,,,,,
2023-05-03 12:00:00,,312.5,220.0,232.6,168.5,41.333333333333336,233.33333333333334,274.75,278.5,285.0,250.0,259.0,,,,,,,,,,,,,,,
2023-05-04 12:00:00,280.0,260.0,251.0,240.0,48.333333333333336,239.66666666666666,299.3333333333333,312.5,330.75,298.0,269.0,280.0,275.6666666666667,281.6666666666667,265.0,288.0,280.0,262.5,259.0,,,,,,,,
2023-05-05 12:00:00,,265.0,265.0,335.0,145.0,72.25,95.0,181.66666666666666,246.0,285.0,285.0,270.0,274.3333333333333,295.0,285.0,250.0,258.5,235.0,235.0,235.0,245.0,279.0,,,,,
2023-05-06 12:00:00,260.0,269.0,269.0,325.0,130.0,83.5,185.0,241.66666666666666,293.0,295.0,263.0,253.33333333333334,247.5,247.5,251.0,259.0,270.0,265.0,291.0,300.0,,,,,,,
2023-05-07 12:00:00,252.0,250.5,250.5,258.0,253.0,124.33333333333333,88.75,255.25,237.75,250.0,275.0,275.0,296.5,289.0,263.0,246.0,246.0,300.0,300.0,295.0,265.0,285.5,17.0,,,,
2023-05-08 12:00:00,,260.0,260.0,296.6666666666667,300.0,45.0,330.0,311.6666666666667,290.5,294.5,295.0,295.0,273.6666666666667,273.6666666666667,263.0,280.0,265.0,307.5,,,,,,,,,
2023-05-09 12:00:00,274.0,260.0,231.5,285.0,5.0,33.0,316.0,313.0,307.6666666666667,285.0,290.0,272.3333333333333,278.0,255.0,255.0,250.0,250.0,245.0,255.0,,,,,,,,
2023-05-10 12:00:00,50.5,226.33333333333334,295.0,310.25,65.0,84.5,219.75,297.5,268.0,227.33333333333334,264.5,275.0,275.3333333333333,275.3333333333333,280.0,258.5,,,,,,,,,,,
2023-05-11 12:00:00,280.3333333333333,265.0,250.0,305.0,118.25,70.0,348.0,284.0,284.0,261.0,280.0,280.0,287.0,,,,,,,,,,,,,,
2023-05-12 12:00:00,,,,,,,,,,,,,,,,,,,,,,,,,,,
2023-05-13 12:00:00,,,,,,,,,,,,,,,,,,,,,,,,,,,
2023-05-14 12:00:00,225.0,225.0,230.0,280.0,300.0,335.3333333333333,186.0,270.0,305.0,274.0,274.0,277.5,255.0,251.0,267.0,280.0,275.0,307.0,308.5,325.0,64.5,100.0,,,,,
2023-05-15 12:00:00,310.0,255.0,255.0,246.75,202.0,140.0,175.0,109.8,230.5,267.5,269.0,250.5,250.0,254.0,258.0,260.0,295.0,318.0,315.0,315.0,,,,,,,
2023-05-16 12:00:00,325.0,232.5,210.0,170.33333333333334,85.0,212.5,304.5,299.75,279.0,260.0,260.5,275.0,299.5,294.5,260.0,259.0,280.0,277.5,285.0,255.0,255.0,292.5,217.5,,,,
2023-05-18 12:00:00,235.0,260.0,317.5,305.0,330.0,32.5,110.0,241.25,268.0,270.0,265.0,266.0,272.5,294.3333333333333,292.0,280.0,225.0,247.5,269.5,,,,,,,,
2023-05-19 12:00:00,275.6666666666667,270.0,280.0,333.0,5.0,154.25,334.0,300.0,255.0,262.5,283.5,265.0,265.0,280.0,277.0,250.0,,,,,,,,,,,
2023-05-20 12:00:00,280.0,280.0,315.0,233.66666666666666,88.66666666666667,145.0,225.0,270.6666666666667,293.5,321.0,277.5,272.0,280.0,270.0,270.0,256.0,270.0,266.75,270.0,233.33333333333334,80.5,120.0,,,,,
2023-05-21 12:00:00,320.0,355.0,30.0,77.5,112.0,295.0,249.0,,,,,,,,,,,,,,,,,,,,
2023-05-22 12:00:00,212.0,75.0,75.0,151.71428571428572,151.71428571428572,257.5,285.5,260.0,288.0,286.0,266.5,275.0,279.5,270.5,270.5,275.3333333333333,249.0,265.0,300.0,42.5,,,,,,,
2023-05-23 12:00:00,305.0,295.0,220.0,205.0,230.0,319.5,125.0,289.4,265.0,261.5,270.0,270.0,250.0,250.0,265.0,257.0,262.5,245.0,,,,,,,,,
2023-05-24 12:00:00,,190.0,200.0,232.83333333333334,300.0,112.0,227.0,241.0,267.5,290.0,290.0,275.0,275.0,256.3333333333333,256.3333333333333,270.0,277.0,263.6666666666667,290.0,184.75,75.0,122.5,81.0,85.0,,,
2023-05-25 12:00:00,220.0,220.0,222.5,205.66666666666666,91.33333333333333,50.666666666666664,304.5,264.6666666666667,235.0,,,,,,,,,,,,,,,,,,
2023-05-26 12:00:00,216.0,215.0,217.5,288.6666666666667,180.0,102.0,170.0,217.2,256.0,260.0,263.0,265.0,272.5,293.5,292.5,277.5,275.5,287.5,291.3333333333333,185.0,71.0,90.0,95.0,,,,
2023-05-27 12:00:00,207.0,203.33333333333334,285.0,223.33333333333334,16.333333333333332,113.0,199.5,212.0,212.0,282.5,276.6666666666667,285.0,282.5,285.3333333333333,305.0,265.0,265.0,290.0,287.5,77.5,140.5,116.0,90.0,,,,
2023-05-29 12:00:00,220.0,207.5,100.0,119.0,247.5,312.25,298.3333333333333,300.0,301.0,308.0,280.0,245.0,240.0,255.5,268.0,270.0,261.3333333333333,268.0,,,,,,,,,
2023-05-30 12:00:00,305.0,215.0,38.333333333333336,91.0,115.0,93.66666666666667,271.0,310.0,278.0,247.66666666666666,241.0,245.0,260.0,250.0,275.0,270.0,250.0,291.0,292.6666666666667,,,,,,,,
2023-05-31 12:00:00,346.5,346.5,21.5,175.0,240.0,272.0,295.0,221.66666666666666,266.0,263.0,263.0,280.3333333333333,280.3333333333333,282.3333333333333,,,,,,,,,,,,,
2023-06-01 12:00:00,280.0,207.5,233.33333333333334,200.33333333333334,238.5,322.0,274.0,260.0,260.0,272.5,291.0,295.0,295.0,310.0,299.6666666666667,282.5,232.5,225.0,225.0,150.75,150.75,60.0,,,,,
2023-06-02 12:00:00,312.5,242.5,240.0,277.5,333.6666666666667,333.6666666666667,278.0,287.6666666666667,286.75,257.0,260.0,287.0,296.6666666666667,265.0,265.0,257.5,276.0,220.0,190.0,160.0,83.5,99.33333333333333,95.0,,,,
2023-06-03 12:00:00,182.0,329.0,329.0,285.0,287.0,287.0,281.0,280.0,279.0,277.0,276.0,275.0,275.0,259.0,259.0,259.0,251.0,246.0,,,,,,,,,
2023-06-04 12:00:00,228.66666666666666,279.0,275.0,282.5,285.0,330.0,270.5,270.0,265.0,,,,,,,,,,,,,,,,,,
2023-06-05 12:00:00,,,,,,,,,,,,,,,,,,,,,,,,,,,
2023-06-06 12:00:00,80.0,165.0,235.0,272.0,305.0,305.0,305.0,320.0,350.0,,,,,,,,,,,,,,,,,,
2023-06-07 12:00:00,225.33333333333334,235.0,272.5,293.0,0.0,296.0,268.5,212.25,222.0,257.5,265.0,280.0,271.0,277.5,277.5,285.0,289.5,292.5,,,,,,,,,
2023-06-08 12:00:00,317.5,40.0,60.0,65.0,65.0,348.0,240.0,247.25,,,,,,,,,,,,,,,,,,,
2023-06-09 12:00:00,30.0,120.0,120.0,83.33333333333333,74.66666666666667,240.0,280.0,286.25,286.25,275.5,275.5,277.3333333333333,277.3333333333333,295.0,,,,,,,,,,,,,
2023-06-10 12:00:00,,0.0,80.0,0.0,5.0,316.3333333333333,169.5,273.3333333333333,261.0,260.0,260.0,305.0,,,,,,,,,,,,,,,
2023-06-11 12:00:00,202.5,240.0,270.0,300.0,300.0,154.85714285714286,65.0,181.66666666666666,247.5,290.0,279.0,169.33333333333334,210.0,210.0,250.0,255.0,275.0,330.0,349.0,143.0,92.5,100.0,92.5,,,,
2023-06-12 12:00:00,,272.5,272.5,300.0,164.25,210.0,245.75,265.0,,,,,,,,,,,,,,,,,,,
2023-06-13 12:00:00,265.0,265.0,268.0,267.5,255.5,160.66666666666666,318.0,201.6,290.0,256.0,260.0,254.33333333333334,275.0,283.5,265.0,,,,,,,,,,,,
2023-06-14 12:00:00,345.0,289.25,250.0,280.0,242.5,207.33333333333334,147.0,156.66666666666666,229.0,265.0,266.0,252.5,,,,,,,,,,,,,,,
2023-06-15 12:00:00,20.0,240.0,230.0,258.3333333333333,234.75,94.2,186.25,281.6666666666667,275.0,275.0,260.5,283.3333333333333,279.0,305.0,251.66666666666666,223.66666666666666,242.0,340.0,6.0,79.33333333333333,107.0,115.0,101.0,,,,
2023-06-16 12:00:00,250.0,250.0,215.0,215.0,103.33333333333333,142.0,244.0,283.5,283.5,275.0,286.6666666666667,326.0,319.0,230.0,239.0,239.0,220.0,,,,,,,,,,
2023-06-17 12:00:00,269.0,269.0,305.0,100.2,85.0,182.5,340.0,318.5,267.5,285.0,270.0,274.5,270.0,292.0,290.0,242.5,,,,,,,,,,,
2023-06-18 12:00:00,231.0,142.5,73.33333333333333,88.33333333333333,67.66666666666667,288.3333333333333,300.0,332.75,251.66666666666666,257.5,280.6666666666667,281.6666666666667,245.0,230.0,249.0,259.0,,,,,,,,,,,
2023-06-19 12:00:00,135.0,135.0,165.0,255.0,285.0,315.0,2.0,121.0,145.0,280.0,295.0,238.33333333333334,229.0,250.0,,,,,,,,,,,,,
2023-06-20 12:00:00,270.0,270.0,255.0,240.0,259.5,42.0,95.0,174.0,272.5,300.0,275.0,277.5,260.0,265.0,265.0,256.6666666666667,228.66666666666666,117.5,146.5,77.5,,,,,,,
2023-06-21 12:00:00,270.0,256.0,265.0,316.25,10.0,53.333333333333336,90.0,229.66666666666666,229.66666666666666,280.0,250.0,250.0,,,,,,,,,,,,,,,
2023-06-22 12:00:00,,278.3333333333333,302.5,355.0,10.0,65.0,85.0,,,,,,,,,,,,,,,,,,,,
2023-06-23 12:00:00,317.5,325.0,280.5,158.0,95.5,112.0,140.0,253.75,250.0,255.0,270.0,290.3333333333333,274.0,288.6666666666667,,,,,,,,,,,,,
2023-06-24 12:00:00,240.0,245.0,195.0,147.5,125.0,174.75,284.5,300.0,309.5,290.0,285.0,287.5,300.0,247.5,,,,,,,,,,,,,
2023-06-25 12:00:00,255.0,278.3333333333333,245.0,195.0,137.25,70.0,215.0,273.0,258.6666666666667,285.0,275.0,247.5,235.0,262.5,262.5,257.0,,,,,,,,,,,
2023-06-26 12:00:00,,,,,,,,,,,,,,,,,,,,,,,,,,,
2023-08-08 12:00:00,75.5,70.0,140.0,121.66666666666667,96.66666666666667,102.66666666666667,111.25,202.5,227.5,45.0,249.66666666666666,270.0,267.5,285.0,297.3333333333333,350.0,67.33333333333333,,,,,,,,,,
2023-08-09 00:00:00,97.0,95.0,150.0,85.2,61.0,97.5,172.0,247.0,255.0,195.0,250.0,283.0,283.0,322.5,322.5,122.0,97.0,90.0,70.0,87.0,,,,,,,
2023-08-09 12:00:00,148.0,152.5,85.0,79.5,95.0,162.5,245.0,275.0,305.0,151.0,151.0,253.33333333333334,295.0,,,,,,,,,,,,,,
2023-08-10 00:00:00,130.0,95.0,75.0,60.8,96.66666666666667,137.8,243.5,240.0,227.5,228.0,292.5,342.0,350.0,20.0,,,,,,,,,,,,,
2023-08-10 12:00:00,177.0,125.0,62.5,70.0,74.66666666666667,282.5,275.0,281.5,285.0,280.0,280.0,295.6666666666667,295.6666666666667,74.0,165.0,170.0,195.0,115.0,68.0,90.0,86.0,83.33333333333333,,,,,
2023-08-11 00:00:00,215.0,220.0,175.0,57.0,70.0,208.0,280.0,276.6666666666667,281.5,265.0,312.0,37.5,93.5,165.0,201.5,209.5,105.0,45.5,55.0,,,,,,,,
2023-08-11 12:00:00,254.25,5.0,60.25,80.0,180.0,275.0,276.0,260.6666666666667,239.33333333333334,280.0,43.0,121.5,121.5,192.5,205.0,,,,,,,,,,,,
2023-08-12 00:00:00,,123.0,105.0,146.33333333333334,270.0,270.0,300.0,,,,,,,,,,,,,,,,,,,,
2023-08-12 12:00:00,273.0,227.5,152.5,287.5,275.0,315.0,323.3333333333333,83.33333333333333,40.0,72.5,190.0,210.0,196.0,47.5,47.5,355.0,77.66666666666667,92.0,97.5,97.5,95.0,102.5,100.0,100.0,,,
2023-08-13 00:00:00,,,166.8,270.0,270.0,285.0,285.0,215.0,231.0,231.0,265.0,265.0,,,,,,,,,,,,,,,
2023-08-13 12:00:00,,205.0,146.66666666666666,295.0,281.0,327.5,327.5,138.75,155.0,219.33333333333334,275.0,295.0,,,,,,,,,,,,,,,
2023-08-14 00:00:00,255.0,257.5,155.0,166.0,315.0,163.0,50.0,107.5,209.0,230.0,253.0,335.0,324.6666666666667,10.0,,,,,,,,,,,,,
2023-08-14 12:00:00,231.0,231.0,234.0,332.5,21.0,105.5,165.0,226.0,274.3333333333333,323.3333333333333,320.0,340.0,81.5,160.0,202.33333333333334,160.0,76.0,46.0,,,,,,,,,
2023-08-15 00:00:00,,358.0,358.0,47.5,22.5,346.0,346.0,275.0,,,,,,,,,,,,,,,,,,,
2023-08-15 12:00:00,235.0,297.5,25.0,35.75,69.25,160.0,204.0,230.0,260.0,270.0,275.0,137.5,,,,,,,,,,,,,,,
2023-08-16 00:00:00,,310.0,342.5,65.75,92.33333333333333,175.0,270.5,261.6666666666667,268.3333333333333,290.0,314.3333333333333,81.0,120.0,185.0,205.0,172.5,55.0,81.5,120.0,118.0,,,,,,,
2023-08-16 12:00:00,353.0,353.0,62.0,140.0,187.0,187.0,261.0,280.0,258.0,229.0,191.0,165.0,,,,,,,,,,,,,,,
2023-08-17 00:00:00,5.0,15.0,15.0,141.5,141.5,240.0,255.0,300.0,,,,,,,,,,,,,,,,,,,
2023-08-17 12:00:00,68.5,68.5,83.0,94.5,94.5,356.0,356.0,295.0,295.0,295.0,275.0,275.0,275.0,316.0,347.0,32.0,45.5,80.0,,,,,,,,,
2023-08-18 00:00:00,,35.0,332.0,281.5,281.5,25.0,25.0,240.0,240.0,285.0,306.0,325.0,352.0,352.0,352.0,56.5,56.5,80.0,,,,,,,,,
2023-08-18 12:00:00,108.0,140.0,280.0,290.0,310.0,330.75,55.0,198.33333333333334,217.0,160.0,225.0,342.5,357.0,20.0,125.0,129.66666666666666,125.5,83.33333333333333,75.5,75.5,105.0,95.0,99.5,99.5,100.0,,
2023-08-21 12:00:00,59.5,85.0,89.0,201.66666666666666,110.0,128.33333333333334,195.0,276.6666666666667,280.0,290.0,288.0,275.0,282.0,310.0,325.0,80.0,,,,,,,,,,,
2023-08-22 00:00:00,,,,267.6666666666667,267.6666666666667,288.0,300.0,305.0,305.0,273.0,257.0,245.0,,,,,,,,,,,,,,,
2023-08-22 12:00:00,60.0,0.0,319.5,260.5,217.5,112.5,79.0,188.75,247.0,282.0,295.0,312.0,335.0,285.0,210.0,247.66666666666666,140.0,80.0,81.0,70.0,,,,,,,
2023-08-23 00:00:00,160.0,266.0,16.0,32.5,39.75,100.0,104.5,180.0,260.0,33.0,25.0,260.0,,,,,,,,,,,,,,,
2023-08-23 12:00:00,160.0,118.0,155.0,81.66666666666667,70.0,89.75,85.5,315.0,38.5,215.5,282.5,312.5,276.3333333333333,241.5,277.5,143.0,100.0,72.0,80.5,86.0,90.0,90.0,90.0,90.0,95.0,,
2023-08-24 00:00:00,,218.0,218.0,79.6,90.5,74.0,340.0,352.5,269.3333333333333,235.0,285.0,311.5,165.0,274.6666666666667,345.0,44.666666666666664,101.0,,,,,,,,,,
2023-08-24 12:00:00,80.0,80.0,30.0,51.666666666666664,85.33333333333333,136.25,298.6666666666667,101.75,270.0,275.0,275.0,20.5,10.0,345.0,138.66666666666666,75.0,65.0,91.0,91.0,95.0,,,,,,,
2023-08-25 00:00:00,57.0,57.0,70.0,90.0,,,,,,,,,,,,,,,,,,,,,,,
2023-08-25 12:00:00,25.0,55.0,77.33333333333333,108.0,121.0,145.0,,,,,,,,,,,,,,,,,,,,,
2023-08-26 00:00:00,30.0,38.0,38.0,120.0,120.0,227.5,245.0,275.0,177.5,65.0,172.0,178.25,260.0,299.5,79.33333333333333,80.0,130.0,102.5,69.33333333333333,69.33333333333333,85.0,,,,,,
2023-08-26 12:00:00,105.0,99.0,122.5,150.0,163.0,279.5,290.0,281.6666666666667,258.3333333333333,110.0,157.5,293.0,320.0,,,,,,,,,,,,,,
2023-08-27 00:00:00,,115.0,115.0,126.4,279.0,280.0,266.25,212.5,162.5,247.2,310.0,307.5,72.5,167.5,265.0,150.0,,,,,,,,,,,
2023-08-27 12:00:00,160.0,136.0,57.5,280.0,284.5,264.3333333333333,249.66666666666666,262.0,315.0,302.5,318.5,91.25,45.0,85.0,71.0,,,,,,,,,,,,
2023-08-28 00:00:00,180.0,217.5,280.0,290.0,280.0,270.0,270.0,300.3333333333333,304.5,270.0,275.0,163.75,81.0,131.33333333333334,,,,,,,,,,,,,
2023-08-28 12:00:00,195.0,227.33333333333334,337.5,305.0,309.5,282.0,255.0,245.0,,,,,,,,,,,,,,,,,,,
2023-08-29 00:00:00,302.3333333333333,305.0,270.0,270.0,238.33333333333334,255.0,255.0,292.0,315.0,145.6,73.0,110.0,133.33333333333334,152.5,152.5,35.0,35.0,89.0,,,,,,,,,
2023-08-29 12:00:00,260.0,216.66666666666666,245.0,265.3333333333333,320.0,301.8,292.5,285.5,181.5,35.0,98.0,87.5,76.5,107.5,135.0,110.0,109.0,103.0,86.5,,,,,,,,
2023-08-30 00:00:00,242.5,272.5,305.0,285.0,295.0,262.3333333333333,250.0,266.6666666666667,290.5,177.5,71.66666666666667,92.0,32.0,0.0,0.0,120.0,,,,,,,,,,,
2023-08-30 12:00:00,,278.0,301.0,314.3333333333333,,,,,,,,,,,,,,,,,,,,,,,
2023-08-31 00:00:00,300.0,300.0,306.6666666666667,295.0,241.66666666666666,232.5,232.5,187.5,,,,,,,,,,,,,,,,,,,
2023-08-31 12:00:00,287.5,287.5,275.0,291.0,307.5,280.0,284.5,83.33333333333333,90.0,120.0,198.0,290.0,10.0,55.0,,,,,,,,,,,,,
2023-09-01 00:00:00,,285.0,285.0,263.5,202.5,255.0,,,,,,,,,,,,,,,,,,,,,
2023-09-01 12:00:00,285.0,274.0,272.0,311.25,56.666666666666664,31.5,100.0,119.75,210.0,276.0,335.0,76.5,210.0,,,,,,,,,,,,,,
2023-09-02 00:00:00,281.0,281.0,275.0,300.0,319.0,,,,,,,,,,,,,,,,,,,,,,
2023-09-02 12:00:00,296.0,296.0,319.6666666666667,319.6666666666667,95.0,165.0,268.5,260.0,295.6666666666667,292.5,280.0,150.0,267.0,330.0,10.0,47.0,,,,,,,,,,,
2023-09-03 00:00:00,310.0,310.0,300.0,95.25,163.0,200.0,233.5,265.0,290.0,20.0,275.0,232.5,283.0,48.333333333333336,55.0,,,,,,,,,,,,
2023-09-03 12:00:00,,191.66666666666666,191.66666666666666,156.75,200.0,270.5,293.5,305.0,304.0,304.0,14.0,125.0,125.0,131.0,97.5,146.33333333333334,169.33333333333334,95.0,,,,,,,,,
2023-09-04 00:00:00,240.0,211.66666666666666,125.0,208.33333333333334,235.0,255.0,265.0,156.66666666666666,112.5,112.5,221.0,250.0,250.0,317.0,192.5,240.33333333333334,122.5,75.0,75.0,,,,,,,,
2023-09-04 12:00:00,192.5,162.5,162.5,175.0,193.33333333333334,323.6666666666667,350.0,135.4,255.0,144.0,132.0,245.0,,,,,,,,,,,,,,,
2023-09-05 00:00:00,172.0,185.0,175.0,188.66666666666666,240.0,318.6666666666667,350.0,118.8,118.8,250.0,247.5,,,,,,,,,,,,,,,,
2023-09-05 12:00:00,220.0,207.5,177.5,118.33333333333333,181.0,25.0,43.0,164.5,164.5,66.0,25.0,215.0,248.0,275.0,270.0,290.0,,,,,,,,,,,
2023-09-06 00:00:00,210.0,270.0,315.0,17.5,0.0,32.666666666666664,86.66666666666667,198.33333333333334,225.0,235.33333333333334,160.0,255.5,262.5,262.5,290.0,330.0,72.5,92.0,99.0,100.0,80.0,,,,,,
2023-09-06 12:00:00,275.0,285.0,10.0,17.5,32.333333333333336,43.5,85.0,215.0,,,,,,,,,,,,,,,,,,,
2023-09-07 00:00:00,,335.0,35.0,31.666666666666668,90.5,143.25,143.25,221.0,253.0,253.66666666666666,282.5,287.5,290.0,301.5,255.0,217.5,90.0,80.0,75.5,80.0,76.66666666666667,,,,,,
2023-09-07 12:00:00,270.0,230.0,60.0,84.66666666666667,116.5,185.0,185.0,280.0,280.0,296.6666666666667,280.0,,,,,,,,,,,,,,,,
2023-09-08 00:00:00,4.0,4.0,80.0,101.5,177.25,247.5,279.0,300.0,305.0,305.0,292.5,280.0,260.0,241.0,185.0,145.0,65.0,,,,,,,,,,
2023-09-08 12:00:00,,40.0,40.0,117.66666666666667,145.0,275.0,291.0,312.5,313.0,345.0,266.6666666666667,265.0,270.0,295.0,280.0,79.66666666666667,74.5,97.0,98.33333333333333,90.0,90.0,,,,,,
2023-09-09 00:00:00,70.0,70.0,135.0,183.0,225.0,295.0,310.0,346.5,247.66666666666666,243.0,250.0,262.5,245.0,266.6666666666667,113.0,94.66666666666667,113.0,,,,,,,,,,
2023-09-09 12:00:00,77.0,107.5,176.66666666666666,79.6,335.0,340.0,20.5,37.5,205.25,205.25,255.0,240.0,220.0,90.0,90.0,94.0,74.0,95.0,89.0,85.0,,,,,,,
2023-09-10 00:00:00,135.0,175.0,210.0,335.0,320.0,22.5,110.66666666666667,157.25,217.33333333333334,247.5,252.0,270.0,281.0,113.33333333333333,67.5,68.0,80.0,112.5,,,,,,,,,
2023-09-10 12:00:00,175.0,203.5,240.0,41.25,45.0,71.0,140.0,189.5,210.0,260.0,272.5,280.3333333333333,315.0,36.5,75.0,70.0,109.5,74.0,70.0,89.0,,,,,,,
2023-09-11 00:00:00,,20.0,21.5,51.0,114.0,137.5,,,,,,,,,,,,,,,,,,,,,
2023-09-11 12:00:00,155.0,105.0,83.33333333333333,97.0,97.0,171.75,265.0,274.0,334.0,290.0,305.0,31.0,50.0,97.5,142.0,109.0,,,,,,,,,,,
2023-09-12 00:00:00,139.5,95.0,71.66666666666667,137.33333333333334,195.0,228.75,272.5,115.0,30.0,39.5,197.5,34.0,90.0,130.0,205.0,138.0,100.0,100.0,,,,,,,,,
2023-09-12 12:00:00,,75.0,126.66666666666667,217.33333333333334,255.0,245.0,20.0,112.66666666666667,100.0,67.0,43.333333333333336,152.5,166.0,210.0,275.0,318.3333333333333,25.0,,,,,,,,,,
2023-09-13 00:00:00,171.0,208.0,208.0,268.0,280.0,286.6666666666667,101.6,125.66666666666667,126.0,66.0,129.33333333333334,207.33333333333334,235.0,198.0,216.66666666666666,95.33333333333333,87.0,,,,,,,,,,
2023-09-13 12:00:00,43.0,51.666666666666664,172.5,246.0,185.0,65.0,77.0,117.0,115.0,155.0,182.0,205.0,205.0,293.3333333333333,10.5,39.5,103.0,90.0,93.0,93.0,100.0,93.0,85.0,81.0,,,
2023-09-14 00:00:00,20.0,20.0,313.0,313.0,313.0,198.0,172.0,130.0,148.0,167.0,192.0,205.0,205.0,170.0,170.0,135.0,135.0,95.0,93.5,93.5,85.0,85.0,75.0,,,,
2023-09-14 12:00:00,55.666666666666664,100.0,200.0,200.0,123.0,82.5,79.5,132.5,220.0,204.0,245.0,319.6666666666667,340.0,7.5,59.0,115.0,117.66666666666667,97.0,95.0,105.0,94.0,76.0,84.5,90.0,95.0,,
2023-09-15 00:00:00,98.33333333333333,217.5,255.0,205.0,200.0,87.0,129.5,155.0,160.0,207.5,270.0,173.5,0.0,40.0,83.0,172.5,126.0,112.5,95.0,91.0,87.0,77.5,86.66666666666667,,,,
2023-09-15 12:00:00,200.0,247.66666666666666,212.5,152.5,115.0,80.0,136.0,205.0,242.5,340.0,38.0,57.5,69.0,133.5,157.5,100.0,83.33333333333333,70.0,70.0,85.0,,,,,,,
2023-09-16 00:00:00,213.5,245.0,225.0,197.5,185.33333333333334,88.66666666666667,96.0,17.5,35.666666666666664,25.0,39.5,127.5,151.5,165.5,170.0,210.0,131.33333333333334,79.5,71.5,71.5,90.0,95.0,,,,,
2023-09-16 12:00:00,208.0,221.0,230.0,225.33333333333334,186.0,174.0,135.0,103.0,103.0,160.0,160.0,205.0,205.0,172.0,172.0,128.0,117.0,101.5,101.5,99.5,,,,,,,
2023-09-17 00:00:00,,236.0,250.0,95.0,82.0,70.0,68.0,188.8,220.0,247.0,223.5,235.0,220.0,290.0,330.0,25.0,,,,,,,,,,,
2023-09-17 12:00:00,298.0,330.0,45.0,50.0,55.666666666666664,103.0,112.5,205.0,255.0,232.0,160.5,245.0,270.0,315.0,310.0,332.0,,,,,,,,,,,
2023-09-18 00:00:00,323.0,337.5,17.5,37.0,107.0,157.0,230.0,265.0,234.33333333333334,167.5,245.0,260.0,275.0,275.0,123.33333333333333,80.66666666666667,110.33333333333333,90.0,88.66666666666667,87.33333333333333,76.0,80.0,92.0,,,,
2023-09-18 12:00:00,6.0,6.0,45.0,62.0,62.0,332.0,332.0,260.0,257.5,257.5,257.0,257.0,257.0,348.0,348.0,360.0,32.0,65.0,65.0,79.5,79.5,85.0,92.5,,,,
2023-09-19 00:00:00,,41.0,55.0,116.25,146.66666666666666,226.0,226.0,235.0,192.5,182.5,238.5,285.5,257.0,103.5,115.0,160.0,118.66666666666667,50.0,73.0,60.0,78.33333333333333,85.0,85.0,85.0,80.0,,
2023-09-19 12:00:00,70.0,68.75,80.0,125.0,121.0,174.33333333333334,255.0,260.0,257.5,232.5,332.5,167.5,135.66666666666666,135.0,155.0,180.0,143.33333333333334,53.0,57.5,90.0,,,,,,,
2023-09-20 00:00:00,49.5,44.25,108.5,130.0,110.33333333333333,260.0,260.0,245.0,215.0,217.5,315.0,177.5,45.333333333333336,170.0,195.0,197.5,,,,,,,,,,,
2023-09-20 12:00:00,102.0,102.0,151.66666666666666,96.25,301.6666666666667,275.0,290.0,281.6666666666667,302.5,23.25,76.5,190.0,242.5,261.0,211.66666666666666,20.0,,,,,,,,,,,
2023-09-21 00:00:00,200.0,185.0,185.0,112.0,112.0,265.0,265.0,282.0,282.0,241.0,199.0,180.0,180.0,146.0,146.0,125.0,114.0,105.0,100.0,100.0,100.0,85.0,85.0,,,,
2023-09-21 12:00:00,193.0,155.0,155.0,236.33333333333334,236.33333333333334,310.0,310.0,225.0,225.0,250.0,250.0,264.6666666666667,227.0,227.0,193.0,149.0,124.0,90.0,90.0,90.0,90.0,90.0,95.0,,,,
2023-09-22 00:00:00,141.66666666666666,110.0,42.5,324.0,324.0,302.5,302.5,246.66666666666666,240.0,281.6666666666667,315.3333333333333,317.5,325.0,176.0,81.33333333333333,87.5,95.0,101.33333333333333,72.5,85.0,,,,,,,
2023-09-22 12:00:00,97.5,52.5,345.0,320.0,320.0,320.0,265.0,243.5,325.0,320.0,302.5,290.6666666666667,280.0,223.0,19.5,82.5,122.0,97.5,79.75,94.5,90.0,,,,,,
2023-09-23 00:00:00,113.66666666666667,50.0,333.5,305.0,301.5,292.5,260.0,280.0,300.0,305.0,85.0,195.0,279.0,161.5,120.5,134.66666666666666,88.0,62.666666666666664,80.0,95.0,90.5,90.0,90.0,90.0,,,
2023-09-23 12:00:00,,122.66666666666667,335.0,352.6,325.0,325.5,345.0,248.33333333333334,202.0,219.0,327.0,255.0,261.0,255.5,0.0,33.0,100.33333333333333,60.666666666666664,82.5,,,,,,,,
2023-09-24 00:00:00,182.5,47.333333333333336,47.333333333333336,76.75,238.33333333333334,355.0,315.0,320.0,291.25,230.5,230.5,240.0,275.0,350.0,65.0,35.0,54.0,94.33333333333333,,,,,,,,,
2023-09-24 12:00:00,,35.0,130.0,164.8,308.0,325.0,334.0,190.0,20.0,263.0,245.0,250.0,311.0,320.0,45.0,,,,,,,,,,,,
2023-09-25 00:00:00,,294.0,255.5,225.0,250.0,280.0,303.0,334.5,318.0,318.0,250.0,285.0,247.0,247.0,201.0,182.0,142.0,105.0,105.0,101.5,101.5,98.0,95.5,95.0,,,
2023-09-25 12:00:00,75.0,177.5,181.0,170.0,143.66666666666666,115.0,10.5,294.0,268.3333333333333,300.0,320.0,320.0,68.33333333333333,75.0,100.0,94.0,115.0,93.0,78.0,90.0,90.0,90.0,80.0,85.0,85.0,,
2023-09-26 00:00:00,190.0,182.0,202.5,171.75,97.5,48.0,121.5,260.0,260.0,240.0,277.5,330.0,335.0,343.0,50.0,125.5,145.0,96.5,80.0,,,,,,,,
2023-09-26 12:00:00,211.66666666666666,211.66666666666666,145.0,80.0,35.5,98.66666666666667,92.5,319.0,319.0,290.0,304.0,335.0,15.0,65.0,125.0,124.0,105.0,80.0,75.0,86.5,94.0,100.0,96.0,,,,
2023-09-27 00:00:00,,,,346.6666666666667,52.5,205.8,307.5,287.0,280.0,298.0,0.0,33.333333333333336,142.66666666666666,190.0,160.0,120.0,94.0,73.0,83.5,99.0,93.0,93.0,87.5,,,,
2023-09-27 12:00:00,,265.0,305.0,19.5,191.66666666666666,256.5,295.0,295.0,311.0,174.0,150.0,205.0,145.0,330.0,25.0,68.0,95.0,78.0,95.0,97.0,90.0,85.0,95.0,,,,
2023-09-28 00:00:00,0.0,0.0,238.33333333333334,46.5,150.0,255.0,240.0,270.75,301.5,331.6666666666667,271.0,236.66666666666666,255.0,257.6666666666667,265.0,40.0,80.5,82.5,,,,,,,,,
2023-09-28 12:00:00,,320.0,187.5,121.75,275.0,255.0,250.0,321.6666666666667,318.0,315.0,270.3333333333333,270.0,268.0,275.0,127.5,62.333333333333336,79.5,87.0,105.66666666666667,97.5,97.5,90.0,90.0,,,,
2023-09-29 00:00:00,325.0,345.0,340.0,285.0,259.25,260.5,306.5,265.0,229.0,195.0,246.0,290.0,290.0,290.0,217.0,91.66666666666667,92.5,108.33333333333333,91.5,86.0,91.0,92.0,95.0,95.0,,,
2023-09-29 12:00:00,345.0,312.5,335.0,245.0,226.5,226.5,229.33333333333334,286.0,284.75,278.3333333333333,270.0,260.0,254.0,186.66666666666666,95.0,95.0,107.0,101.0,85.5,85.5,89.0,90.0,95.0,91.0,,,
2023-09-30 00:00:00,173.5,173.5,325.0,325.0,273.3333333333333,232.5,283.6666666666667,266.0,285.0,208.0,225.0,235.0,220.0,270.0,300.0,79.5,115.0,90.0,97.5,75.0,,,,,,,
2023-09-30 12:00:00,,,,317.0,245.0,209.0,276.5,295.0,220.0,253.0,269.6666666666667,287.6666666666667,285.0,355.0,135.0,105.0,85.0,65.0,85.0,95.0,95.0,90.0,,,,,
2023-10-01 00:00:00,,,,351.0,198.33333333333334,117.5,129.5,210.0,198.66666666666666,217.0,243.0,257.5,314.5,315.0,78.0,63.333333333333336,55.0,70.0,82.66666666666667,96.5,93.0,83.5,95.0,95.0,90.0,,
2023-10-01 12:00:00,47.5,47.5,335.0,121.66666666666667,48.5,133.0,242.5,228.33333333333334,246.25,270.0,303.0,301.0,285.0,250.33333333333334,121.33333333333333,,,,,,,,,,,,
2023-10-02 00:00:00,7.5,5.0,7.5,50.0,60.0,149.6,222.5,217.5,244.0,260.0,258.0,255.0,264.0,280.0,190.0,99.5,99.5,98.0,115.0,87.5,85.0,85.0,80.0,85.0,,,
2023-10-02 12:00:00,10.0,14.5,12.5,75.0,138.33333333333334,125.0,250.0,260.0,265.0,275.0,290.0,285.0,285.0,300.0,86.0,89.5,120.0,104.33333333333333,100.66666666666667,70.0,71.0,95.0,95.0,,,,
2023-10-03 00:00:00,10.0,10.0,10.0,10.0,340.0,319.0,287.0,255.0,255.0,255.0,255.0,255.0,226.0,226.0,226.0,132.0,132.0,105.0,98.0,98.0,83.0,80.0,,,,,
2023-10-03 12:00:00,87.0,87.0,140.0,165.0,199.5,199.5,274.5,274.5,265.0,265.0,254.0,245.0,228.0,192.0,192.0,147.0,118.0,90.0,90.0,90.0,94.0,94.0,95.0,,,,
2023-10-04 00:00:00,,90.0,103.0,110.66666666666667,36.666666666666664,100.66666666666667,241.0,266.6666666666667,265.0,230.0,252.5,265.0,274.3333333333333,250.0,170.0,94.5,95.0,65.0,66.33333333333333,95.0,93.0,93.0,86.0,85.0,,,
2023-10-04 12:00:00,,158.33333333333334,165.0,147.5,117.66666666666667,154.0,273.0,283.3333333333333,285.0,245.0,260.0,270.0,272.5,184.5,110.0,93.33333333333333,86.0,86.0,75.0,100.0,99.0,96.0,90.0,90.0,90.0,,
2023-10-05 00:00:00,62.0,35.0,35.0,183.25,84.5,242.5,260.0,246.66666666666666,233.0,230.0,245.0,255.33333333333334,187.5,249.0,265.0,25.0,75.66666666666667,95.0,95.0,95.0,91.0,91.0,85.0,85.0,,,
2023-10-05 12:00:00,20.0,40.0,162.5,150.0,99.5,200.0,254.33333333333334,247.5,260.0,266.0,282.5,277.5,231.0,20.0,69.0,69.0,90.0,98.5,103.0,103.0,95.0,90.0,,,,,
2023-10-06 12:00:00,,,,112.66666666666667,146.0,212.0,246.0,270.0,242.0,242.0,195.0,195.0,180.0,180.0,147.0,134.0,122.0,95.0,95.0,95.0,95.0,95.0,95.0,95.0,95.0,95.0,95.0
2023-10-07 00:00:00,,,345.0,177.5,336.0,336.0,282.0,265.0,261.0,251.0,246.0,235.0,217.0,183.5,165.0,131.0,123.0,90.0,90.0,90.0,90.0,90.0,85.0,,,,
2023-10-07 12:00:00,195.0,138.5,140.0,96.66666666666667,292.6666666666667,275.0,290.0,266.6666666666667,266.6666666666667,260.0,260.0,312.0,300.0,11.666666666666666,100.0,82.66666666666667,105.0,101.0,104.0,90.0,105.0,105.0,,,,,
2023-10-08 00:00:00,170.0,133.0,258.3333333333333,12.5,173.0,265.0,261.0,252.0,252.0,252.5,270.0,251.5,247.5,249.66666666666666,249.66666666666666,100.0,95.0,80.0,80.0,85.0,85.0,91.66666666666667,85.0,,,,
2023-10-08 12:00:00,,150.0,172.5,254.0,254.0,265.0,268.0,270.0,285.0,285.0,285.0,279.3333333333333,180.0,130.0,100.0,85.0,,,,,,,,,,,
2023-10-09 00:00:00,235.0,270.0,315.0,313.75,275.0,260.5,255.0,257.5,263.6666666666667,285.0,270.6666666666667,205.0,135.0,120.0,90.5,105.0,83.5,95.0,95.0,95.0,,,,,,,
2023-10-09 12:00:00,230.0,170.0,218.25,230.0,252.5,280.0,270.0,270.0,275.6666666666667,280.6666666666667,257.5,175.0,175.0,145.0,115.0,110.0,94.0,,,,,,,,,,
2023-10-10 00:00:00,300.0,281.5,215.0,237.0,230.0,265.0,245.0,254.33333333333334,256.0,290.0,270.0,130.0,119.5,180.0,85.0,50.0,83.0,81.0,,,,,,,,,
2023-10-10 12:00:00,310.0,227.5,195.0,275.0,275.0,270.0,255.0,285.6666666666667,289.0,280.0,263.6666666666667,148.66666666666666,167.5,186.5,175.0,52.25,65.0,87.5,95.0,100.0,,,,,,,
2023-10-11 00:00:00,,,233.5,267.5,267.5,265.0,245.0,220.0,261.0,240.0,230.0,205.0,207.5,120.0,56.666666666666664,70.0,76.0,97.5,105.0,86.0,75.0,85.0,94.66666666666667,92.0,85.33333333333333,85.33333333333333,85.0
2023-10-11 12:00:00,250.0,219.66666666666666,275.0,245.0,245.0,250.0,270.0,283.3333333333333,295.0,289.0,200.0,236.33333333333334,235.0,185.0,94.5,78.33333333333333,93.0,94.5,94.5,80.0,80.0,80.0,82.0,82.0,90.0,90.0,
2023-10-12 00:00:00,250.0,270.3333333333333,247.5,260.0,251.66666666666666,268.3333333333333,268.3333333333333,292.5,300.0,160.0,211.0,200.0,207.5,127.5,42.666666666666664,98.33333333333333,93.0,99.66666666666667,90.5,90.5,93.0,95.0,,,,,
2023-10-12 12:00:00,265.0,272.0,272.0,255.0,273.3333333333333,317.5,315.0,276.25,173.66666666666666,205.0,188.5,218.33333333333334,315.0,127.5,60.0,87.0,75.0,86.5,80.0,95.0,95.0,86.0,85.0,95.0,,,
2023-10-13 00:00:00,,,,248.0,248.0,245.0,245.0,246.0,246.0,255.5,255.5,265.0,315.0,176.0,176.0,75.0,68.0,65.5,79.0,79.0,90.0,,,,,,
2023-10-13 12:00:00,270.0,268.0,265.0,280.0,310.0,276.2,216.0,230.0,225.0,250.0,308.0,321.6666666666667,0.0,71.33333333333333,97.0,90.66666666666667,90.66666666666667,87.33333333333333,,,,,,,,,
2023-10-14 00:00:00,,241.0,251.0,264.0,229.2,190.0,222.5,240.0,280.0,280.0,168.33333333333334,172.5,90.0,118.5,100.0,115.5,115.5,85.0,90.0,,,,,,,,
2023-10-17 00:00:00,174.0,244.0,225.0,265.0,340.0,45.75,180.0,218.0,245.66666666666666,297.5,275.0,245.0,203.33333333333334,152.33333333333334,82.66666666666667,95.0,70.0,85.0,94.0,86.33333333333333,90.0,90.0,90.0,,,,
2023-10-17 12:00:00,,250.0,250.0,240.5,157.5,190.0,211.25,230.0,247.0,247.0,225.0,255.0,217.5,206.66666666666666,50.0,89.5,85.0,66.0,,,,,,,,,
2023-10-18 00:00:00,228.0,248.0,300.0,305.0,305.0,236.0,236.0,215.0,222.0,222.0,265.0,265.0,243.0,209.0,183.0,148.0,115.0,90.0,89.0,89.0,83.0,83.0,80.5,85.0,90.0,,
2023-10-18 12:00:00,,,,260.3333333333333,220.0,225.66666666666666,228.0,240.0,132.0,152.5,300.0,266.5,295.5,152.25,105.0,99.5,75.0,88.33333333333333,97.0,93.0,95.0,95.0,100.0,,,,
2023-10-19 00:00:00,275.0,275.0,280.0,246.66666666666666,260.0,245.33333333333334,19.0,37.5,37.5,217.5,265.75,269.0,293.0,98.33333333333333,125.5,94.0,94.0,94.5,94.5,94.5,92.0,92.0,85.5,87.0,90.0,,
2023-10-19 12:00:00,270.0,288.3333333333333,250.0,200.0,209.0,209.0,230.0,312.25,301.5,275.0,310.0,320.0,307.5,202.5,114.66666666666667,114.0,82.66666666666667,100.0,100.0,90.0,,,,,,,
2023-10-20 00:00:00,305.0,271.6666666666667,226.0,171.66666666666666,256.0,296.0,237.0,295.0,319.0,300.0,263.0,295.0,137.5,155.0,122.0,88.33333333333333,89.0,96.0,80.0,90.0,,,,,,,
2023-10-20 12:00:00,,225.0,225.0,170.4,304.0,279.5,311.6666666666667,177.5,200.75,265.0,265.0,265.0,180.0,86.33333333333333,77.5,91.5,98.0,91.66666666666667,90.0,80.0,80.0,95.0,102.5,90.0,,,
2023-10-21 00:00:00,242.0,255.0,263.3333333333333,329.6666666666667,236.66666666666666,317.3333333333333,337.5,328.6,239.0,265.0,265.0,251.66666666666666,155.0,132.0,92.5,82.0,95.0,75.0,81.0,81.0,89.5,87.0,85.0,80.0,80.0,85.0,
2023-10-21 12:00:00,192.5,192.5,180.0,34.333333333333336,239.66666666666666,239.66666666666666,320.0,276.6666666666667,277.5,294.0,240.0,192.66666666666666,180.66666666666666,97.5,76.0,90.0,90.0,90.0,90.0,90.0,90.0,,,,,,
2023-10-22 00:00:00,179.0,179.0,112.33333333333333,112.33333333333333,138.66666666666666,345.0,343.6666666666667,289.75,274.0,270.0,266.6666666666667,250.0,251.75,147.33333333333334,77.5,73.0,89.0,83.5,90.0,90.0,88.0,88.0,85.0,,,,
2023-10-22 12:00:00,126.0,120.0,99.66666666666667,69.0,301.3333333333333,291.6666666666667,246.25,271.3333333333333,270.0,270.0,290.0,119.8,119.8,71.5,86.33333333333333,84.33333333333333,100.0,100.0,100.0,107.0,107.0,104.0,100.0,,,,
2023-10-23 00:00:00,139.5,132.5,135.0,85.0,104.5,157.5,209.0,261.75,270.0,260.0,,,,,,,,,,,,,,,,,
2023-10-23 12:00:00,115.0,120.0,140.0,112.5,226.0,242.5,205.0,270.0,280.0,255.0,287.5,124.0,15.0,59.333333333333336,120.0,98.33333333333333,93.5,92.5,90.0,90.0,90.0,85.0,85.0,,,,
2023-10-24 00:00:00,,98.0,94.0,92.0,195.0,247.5,225.0,232.5,232.5,215.0,310.0,330.0,202.5,92.5,92.5,75.0,90.0,90.0,90.0,90.0,75.0,75.0,80.0,80.0,,,
2023-10-24 12:00:00,75.0,99.0,128.33333333333334,199.0,250.0,283.0,275.0,294.5,311.0,315.0,322.0,82.33333333333333,104.5,128.0,56.0,96.33333333333333,80.0,75.0,80.0,80.0,85.0,85.0,,,,,
2023-10-25 00:00:00,88.5,47.5,182.5,265.0,234.33333333333334,233.66666666666666,241.66666666666666,280.0,280.0,304.5,329.0,194.6,152.5,76.66666666666667,76.66666666666667,88.0,95.0,86.66666666666667,89.0,86.5,86.5,100.0,100.0,,,,
2023-10-25 12:00:00,280.0,280.0,244.0,235.0,295.0,304.0,304.0,317.5,317.5,249.0,249.0,199.5,199.5,145.0,145.0,145.0,116.0,100.0,100.0,100.0,100.0,100.0,100.0,,,,
2023-10-26 00:00:00,,260.0,275.0,245.0,242.5,245.0,260.0,288.5,304.0,226.66666666666666,205.0,240.0,249.33333333333334,291.3333333333333,56.0,75.0,71.5,78.5,78.5,86.0,94.0,95.0,90.0,,,,
2023-10-26 12:00:00,,,165.0,263.0,279.0,279.0,295.0,300.0,299.0,297.0,296.0,299.6666666666667,299.6666666666667,354.0,354.0,58.0,58.0,90.0,90.0,90.0,90.0,90.0,90.0,,,,
2023-10-27 00:00:00,147.0,130.0,252.0,262.5,270.0,227.5,275.0,279.3333333333333,253.0,238.0,250.0,350.0,350.0,196.0,105.0,91.5,67.5,94.66666666666667,110.0,,,,,,,,
2023-10-27 12:00:00,130.0,144.0,125.0,226.0,169.0,247.5,283.6666666666667,282.5,265.0,260.0,320.0,30.0,72.5,185.0,152.5,98.5,93.66666666666667,107.5,107.5,107.5,82.0,82.0,90.0,,,,
2023-10-28 00:00:00,,147.5,147.5,142.5,27.5,303.75,250.0,240.0,240.0,252.33333333333334,252.33333333333334,227.33333333333334,154.0,207.0,85.0,85.0,77.33333333333333,96.33333333333333,91.0,87.0,85.0,,,,,,
2023-10-28 12:00:00,119.0,115.0,115.0,80.0,160.0,275.0,271.0,286.6666666666667,290.0,280.0,250.0,192.75,197.5,140.0,140.0,84.66666666666667,79.5,87.5,85.0,80.0,100.0,100.0,100.0,,,,
2023-10-29 00:00:00,,90.0,95.0,93.33333333333333,204.0,269.0,265.0,255.5,255.5,265.0,250.5,263.5,173.75,75.0,105.0,108.5,108.5,77.5,77.5,95.0,97.0,,,,,,
2023-10-29 12:00:00,,105.0,137.5,151.0,256.0,284.6666666666667,284.6666666666667,268.5,275.0,298.0,205.0,230.66666666666666,237.5,99.0,99.0,78.0,92.0,94.66666666666667,105.0,90.0,98.5,100.0,,,,,
2023-10-30 00:00:00,90.0,90.0,120.0,150.0,211.25,263.0,272.5,283.25,335.0,283.3333333333333,152.33333333333334,166.66666666666666,200.0,139.33333333333334,108.0,86.66666666666667,90.0,97.66666666666667,85.0,92.0,91.66666666666667,75.0,84.0,,,,
2023-10-30 12:00:00,270.0,140.33333333333334,145.0,137.5,234.33333333333334,275.0,275.0,304.6666666666667,152.5,190.0,224.33333333333334,240.0,320.0,42.666666666666664,82.33333333333333,102.5,95.0,104.5,104.5,90.0,80.0,104.5,105.0,102.0,,,
2023-10-31 00:00:00,41.0,15.0,117.5,130.0,200.0,273.3333333333333,273.3333333333333,255.0,238.66666666666666,230.33333333333334,260.0,244.0,255.0,81.33333333333333,71.0,102.66666666666667,80.66666666666667,106.0,110.0,85.0,76.5,70.5,80.0,,,,
2023-10-31 12:00:00,149.0,149.0,123.66666666666667,172.75,253.0,275.0,272.0,283.3333333333333,275.0,256.6666666666667,225.0,235.0,266.3333333333333,55.0,95.0,97.5,76.0,77.5,70.0,70.0,90.0,90.0,,,,,
2023-11-01 00:00:00,168.5,140.0,148.66666666666666,258.0,280.0,290.0,258.3333333333333,235.33333333333334,215.0,212.5,212.5,172.5,80.0,135.0,126.5,80.0,89.66666666666667,75.0,,,,,,,,,
2023-11-01 12:00:00,173.0,149.5,160.33333333333334,245.0,272.5,267.5,267.5,263.75,277.0,289.0,305.0,322.75,158.66666666666666,105.66666666666667,112.0,75.0,86.0,85.0,89.0,94.5,94.5,99.0,100.0,100.0,,,
2023-11-02 00:00:00,125.0,123.0,50.0,260.0,255.0,277.25,283.5,268.3333333333333,268.3333333333333,278.0,278.0,91.66666666666667,81.0,100.0,92.5,92.5,94.0,86.0,87.0,90.0,85.0,,,,,,
2023-11-02 12:00:00,151.0,145.0,55.0,250.0,262.5,286.3333333333333,267.0,274.3333333333333,280.0,300.0,333.3333333333333,154.5,136.66666666666666,85.0,65.5,88.5,83.0,82.5,85.0,85.0,85.0,85.0,85.0,80.0,,,
2023-11-03 00:00:00,178.33333333333334,142.5,123.75,200.0,235.0,257.5,255.0,265.0,255.0,278.5,267.0,155.66666666666666,147.0,60.0,73.0,86.0,86.0,85.0,85.0,75.0,75.0,80.5,85.0,85.0,90.0,90.0,90.0
2023-11-03 12:00:00,,163.0,165.0,236.5,266.3333333333333,305.0,270.0,271.6666666666667,269.5,235.0,121.33333333333333,220.0,80.0,68.5,68.5,97.0,97.0,85.5,86.66666666666667,86.66666666666667,95.0,105.0,90.0,90.0,,,
2023-11-04 00:00:00,,97.0,97.0,85.0,249.66666666666666,265.0,250.0,235.0,257.0,200.0,176.66666666666666,252.0,95.0,83.33333333333333,102.5,98.0,89.66666666666667,95.0,80.5,82.0,85.0,85.0,,,,,
2023-11-04 12:00:00,145.0,170.0,230.0,280.0,300.0,292.5,269.0,262.6666666666667,276.5,119.33333333333333,55.0,102.5,71.75,79.0,107.0,100.0,,,,,,,,,,,
2023-11-05 00:00:00,112.5,112.5,257.6666666666667,260.0,260.0,275.0,256.0,253.33333333333334,265.0,110.33333333333333,113.0,68.66666666666667,80.0,115.0,90.0,90.75,95.0,70.0,67.5,75.0,,,,,,,
2023-11-05 12:00:00,171.5,187.5,272.5,280.0,275.0,257.3333333333333,257.5,221.66666666666666,60.0,88.5,97.0,162.5,113.0,80.0,65.0,79.5,90.0,72.66666666666667,84.5,,,,,,,,
2023-11-06 00:00:00,287.0,325.0,325.0,285.0,311.0,265.0,265.0,320.4,14.0,159.0,159.0,232.5,138.0,105.5,72.0,60.0,92.5,70.0,100.0,100.0,,,,,,,
2023-11-06 12:00:00,265.0,265.0,42.5,292.5,231.0,272.5,300.5,189.0,180.0,0.0,263.75,280.0,230.0,116.75,76.0,90.0,95.0,85.0,102.0,103.0,103.0,95.0,86.5,81.0,,,
2023-11-07 00:00:00,212.0,212.0,155.0,155.0,155.0,158.0,158.0,164.0,220.0,220.0,310.0,310.0,334.0,6.0,25.0,25.0,71.0,96.66666666666667,96.66666666666667,95.0,,,,,,,
2023-11-07 12:00:00,160.0,155.5,175.0,222.5,274.5,325.0,335.0,221.0,250.0,345.0,352.5,291.3333333333333,298.0,120.0,75.0,85.0,75.0,105.0,105.0,95.0,,,,,,,
2023-11-08 00:00:00,95.0,45.0,217.5,255.0,207.5,260.0,256.5,254.5,240.0,,,,,,,,,,,,,,,,,,
2023-11-08 12:00:00,165.0,165.0,187.5,211.33333333333334,330.0,304.25,272.5,250.5,250.0,275.0,342.6666666666667,350.0,83.0,118.0,122.5,90.0,90.0,81.0,74.0,74.0,100.0,100.0,,,,,
2023-11-09 00:00:00,,,290.0,340.0,305.0,280.0,243.5,248.33333333333334,250.5,260.0,300.0,161.33333333333334,120.0,160.0,124.5,105.0,82.5,84.5,80.0,80.0,83.0,83.0,85.0,82.0,80.0,80.0,
2023-11-09 12:00:00,240.0,272.3333333333333,280.0,344.0,311.75,293.0,293.0,246.66666666666666,278.0,313.0,335.0,70.0,157.5,90.0,94.0,96.0,90.75,85.0,85.0,85.0,89.0,89.0,90.0,,,,
2023-11-10 00:00:00,275.0,284.3333333333333,284.3333333333333,305.0,325.0,315.0,265.0,269.6,253.0,235.0,250.0,245.0,175.0,55.0,75.5,78.0,83.5,87.66666666666667,105.0,95.0,,,,,,,
2023-11-10 12:00:00,285.0,298.5,260.0,298.6666666666667,313.3333333333333,180.0,256.0,264.0,284.3333333333333,329.5,345.0,80.0,103.0,81.0,74.66666666666667,92.5,100.5,101.66666666666667,95.0,95.0,95.0,82.0,80.0,,,,
2023-11-11 00:00:00,248.5,290.5,305.0,295.0,263.4,207.5,247.5,255.5,245.0,300.0,117.0,122.0,58.666666666666664,82.0,86.66666666666667,98.66666666666667,80.0,90.0,89.0,88.0,88.0,85.0,80.0,,,,
2023-11-11 12:00:00,291.0,307.5,235.0,225.66666666666666,220.33333333333334,223.5,240.0,280.0,310.0,207.6,93.0,190.0,190.0,104.0,105.66666666666667,92.5,92.5,92.0,80.0,,,,,,,,
2023-11-12 00:00:00,264.5,235.0,235.0,240.0,222.8,217.5,242.0,267.5,288.5,216.33333333333334,190.0,267.6666666666667,292.5,104.0,86.0,87.5,86.5,95.0,75.0,,,,,,,,
2023-11-12 12:00:00,244.33333333333334,244.33333333333334,247.5,212.5,250.0,306.0,325.0,331.0,232.66666666666666,224.0,230.0,271.0,48.0,82.5,89.5,80.0,90.0,76.0,95.0,85.0,85.0,95.0,95.0,,,,
2023-11-13 00:00:00,,,255.0,237.5,221.25,301.0,300.5,255.0,255.0,255.0,255.0,315.0,69.83333333333333,97.0,85.0,78.0,90.66666666666667,82.5,95.0,,,,,,,,
2023-11-13 12:00:00,,220.0,220.0,217.25,202.66666666666666,301.0,310.0,291.3333333333333,282.0,289.0,265.0,30.5,65.0,102.0,102.0,87.75,110.0,90.0,,,,,,,,,
2023-11-14 00:00:00,,,,217.5,217.5,242.5,263.0,275.0,275.0,325.0,23.0,35.5,43.0,56.0,56.0,56.0,89.5,89.5,89.5,80.0,,,,,,,
2023-11-14 12:00:00,260.5,265.0,265.0,250.0,235.0,331.0,340.0,309.5,320.0,270.0,215.0,140.5,175.0,175.0,94.5,80.0,80.0,90.0,90.0,,,,,,,,
2023-11-15 00:00:00,,257.6666666666667,270.0,260.0,250.0,318.3333333333333,341.6666666666667,292.5,244.0,246.0,260.0,145.0,105.0,80.0,81.5,82.0,84.0,87.5,87.5,90.0,,,,,,,
2023-11-15 12:00:00,,283.5,280.0,305.0,330.0,340.0,340.0,250.0,241.5,273.0,212.5,128.66666666666666,131.0,80.0,95.0,88.0,81.5,96.0,99.0,99.0,95.5,,,,,,
2023-11-16 00:00:00,292.0,292.0,307.0,307.0,289.3333333333333,260.5,240.0,258.6666666666667,242.5,182.0,65.0,161.33333333333334,130.0,104.0,97.0,76.0,69.5,92.5,95.0,95.0,85.0,71.0,80.0,88.0,,,
2023-11-16 12:00:00,280.0,275.0,275.0,304.6666666666667,302.5,335.0,215.0,218.0,219.5,263.6666666666667,207.66666666666666,172.66666666666666,117.5,71.33333333333333,83.0,75.0,91.0,93.0,85.0,85.0,85.0,88.0,90.0,,,,
2023-11-17 00:00:00,277.5,277.5,300.0,305.0,310.0,231.66666666666666,195.0,213.75,220.0,285.0,210.0,132.5,82.66666666666667,97.5,69.0,69.0,90.0,85.0,85.0,101.5,,,,,,,
2023-11-17 12:00:00,313.0,315.0,292.5,298.6666666666667,300.0,219.5,194.5,265.0,307.0,298.0,21.0,46.0,70.0,87.0,85.33333333333333,94.5,105.0,85.0,85.0,105.0,103.0,103.0,95.0,,,,
2023-11-18 00:00:00,315.0,315.0,280.0,310.0,290.0,208.75,230.33333333333334,292.5,279.0,279.0,332.25,22.5,85.0,90.0,103.0,105.0,70.0,90.0,94.5,85.0,70.0,75.0,,,,,
2023-11-18 12:00:00,315.0,315.0,305.0,309.6666666666667,304.0,177.0,234.0,25.0,309.0,327.5,121.25,93.25,103.0,95.0,106.66666666666667,105.0,80.0,105.0,85.0,85.0,85.0,,,,,,
2023-11-19 00:00:00,331.0,320.0,345.0,295.0,214.0,140.6,184.0,265.8,290.0,316.0,44.333333333333336,120.75,90.0,95.0,95.0,89.0,75.0,99.0,80.0,80.0,83.0,83.0,85.0,,,,
2023-11-19 12:00:00,290.0,350.0,340.0,297.2857142857143,104.0,108.75,315.0,295.0,295.0,141.66666666666666,165.0,165.0,83.66666666666667,90.0,90.0,76.5,79.0,92.5,75.0,79.0,81.0,81.0,90.0,90.0,,,
2023-11-20 00:00:00,102.0,102.0,24.666666666666668,185.0,175.0,144.33333333333334,257.5,287.5,290.0,285.0,214.66666666666666,193.25,136.0,63.5,95.0,95.0,80.0,92.33333333333333,92.33333333333333,80.0,80.0,92.5,92.5,95.0,,,
2023-11-20 12:00:00,225.0,215.0,155.0,175.0,166.0,107.33333333333333,310.0,305.0,300.0,260.0,332.3333333333333,8.0,30.0,95.0,95.0,88.0,99.0,85.0,85.0,110.0,,,,,,,
2023-11-21 00:00:00,205.0,232.5,180.0,155.8,252.5,342.5,309.5,281.6666666666667,234.5,216.0,192.0,110.0,110.0,64.5,85.0,65.0,82.5,85.0,85.0,85.0,84.0,84.0,80.0,,,,
2023-11-21 12:00:00,172.5,175.0,160.0,91.5,35.0,102.33333333333333,270.0,261.5,237.0,219.0,257.5,331.6666666666667,351.3333333333333,43.666666666666664,76.5,90.0,115.0,95.0,,,,,,,,,
2023-11-22 00:00:00,320.0,176.5,176.5,184.6,255.0,317.5,245.0,248.33333333333334,220.0,260.0,129.33333333333334,93.33333333333333,125.0,85.0,85.0,110.0,100.0,90.66666666666667,95.0,86.0,80.0,76.0,84.33333333333333,89.0,,,
2023-11-22 12:00:00,,,62.5,26.666666666666668,190.0,260.75,226.0,225.0,220.0,255.0,335.0,42.5,75.66666666666667,90.0,100.0,100.0,76.5,90.0,90.0,90.0,95.0,95.0,95.0,95.0,95.0,90.0,
2023-11-24 12:00:00,143.5,235.0,235.0,328.3333333333333,252.4,245.0,246.5,264.75,270.5,166.6,90.0,107.25,90.5,102.5,86.0,101.0,100.0,87.5,87.5,82.0,88.0,90.0,95.0,95.0,90.0,90.0,
2023-11-25 12:00:00,249.0,261.0,313.3333333333333,314.75,247.5,246.0,269.5,260.0,265.0,216.33333333333334,117.0,60.0,55.5,77.66666666666667,70.0,100.0,89.0,81.0,80.0,109.0,107.0,107.0,95.0,,,,
2023-11-26 12:00:00,120.66666666666667,211.0,265.0,265.0,265.0,260.0,258.0,278.3333333333333,311.0,205.0,124.66666666666667,81.66666666666667,106.66666666666667,116.5,115.0,91.5,100.0,96.5,88.5,100.0,80.0,80.0,80.0,70.0,70.0,90.0,90.0
2023-11-27 12:00:00,280.0,280.0,260.0,275.0,275.0,266.5,263.0,270.0,265.0,128.0,99.33333333333333,79.0,102.5,80.33333333333333,95.0,90.0,82.0,92.5,92.5,86.0,86.0,86.0,95.0,95.5,95.5,103.0,105.0
2023-11-28 12:00:00,,265.0,265.0,248.33333333333334,240.0,248.5,225.0,273.8,211.5,74.5,105.0,107.25,88.5,78.0,82.0,82.0,91.5,82.5,105.0,104.0,100.0,107.0,107.5,100.0,100.0,82.0,
2023-11-29 12:00:00,,250.0,255.0,247.5,233.66666666666666,180.0,185.0,286.5,137.33333333333334,46.25,85.33333333333333,75.66666666666667,81.5,86.0,104.0,92.0,75.0,90.0,90.0,87.0,87.0,87.0,85.0,85.0,90.0,,
2023-11-30 12:00:00,,285.0,237.5,228.33333333333334,163.66666666666666,210.0,329.3333333333333,295.25,345.0,24.75,97.5,37.0,90.0,83.33333333333333,105.0,104.5,80.0,90.0,90.0,90.0,90.0,,,,,,
2023-12-01 12:00:00,295.0,270.0,280.0,230.0,123.0,300.0,316.0,315.0,236.66666666666666,141.33333333333334,81.0,119.75,80.0,102.0,102.0,73.66666666666667,73.66666666666667,99.66666666666667,80.0,82.0,90.0,91.0,95.0,95.0,95.0,95.0,
2023-12-02 12:00:00,,300.0,315.0,277.25,215.0,188.66666666666666,285.5,37.333333333333336,97.33333333333333,112.5,72.0,72.0,100.0,100.0,90.0,77.5,96.0,96.0,100.0,100.0,,,,,,,
2023-12-03 12:00:00,277.5,210.0,210.0,225.0,212.0,203.75,278.75,339.5,55.0,48.5,105.5,100.0,90.0,120.0,120.0,105.0,105.0,100.0,84.5,84.5,80.0,80.0,80.0,80.0,,,
2023-12-05 00:00:00,255.5,260.0,277.5,247.0,247.0,177.5,271.6666666666667,311.0,319.3333333333333,325.0,135.0,137.5,137.0,90.0,97.0,102.5,92.5,100.0,95.0,81.0,81.0,90.0,90.0,90.0,,,
2023-12-05 12:00:00,256.0,274.0,302.5,275.0,275.0,320.0,315.0,301.25,238.5,232.5,160.0,132.66666666666666,90.0,74.0,74.0,86.66666666666667,86.66666666666667,85.0,90.0,105.0,105.0,95.0,95.0,,,,
2023-12-06 00:00:00,274.6666666666667,270.0,299.0,275.0,255.0,257.5,312.5,245.0,235.0,207.33333333333334,253.0,92.5,77.5,95.0,100.0,80.0,92.5,95.0,,,,,,,,,
2023-12-06 12:00:00,260.0,275.0,300.0,320.0,275.5,253.33333333333334,221.33333333333334,223.75,212.5,80.0,115.0,76.66666666666667,92.0,91.0,83.5,90.0,95.0,,,,,,,,,,
2023-12-07 00:00:00,289.0,290.0,270.0,323.8,277.25,215.0,188.33333333333334,212.5,212.5,195.75,43.5,63.666666666666664,86.0,85.0,82.0,100.5,101.0,95.0,95.0,80.0,80.0,70.0,85.0,90.0,,,
2023-12-07 12:00:00,287.5,287.5,304.5,304.5,97.0,170.0,170.66666666666666,236.33333333333334,264.5,295.0,197.5,60.0,70.0,93.5,93.5,80.0,91.0,95.0,93.0,91.0,90.0,,,,,,
2023-12-08 00:00:00,,,306.0,310.0,264.0,279.5,298.0,305.0,305.0,320.0,320.0,105.0,105.0,97.0,97.0,95.0,95.0,90.0,87.0,84.0,80.0,,,,,,
2023-12-08 12:00:00,336.5,335.0,277.5,259.0,100.0,95.0,43.333333333333336,310.0,305.0,175.0,78.0,102.66666666666667,102.66666666666667,85.0,85.0,85.0,85.0,80.0,89.0,95.0,,,,,,,
2023-12-09 12:00:00,303.0,303.0,231.5,231.5,200.0,240.0,240.0,330.0,330.0,71.0,71.0,83.33333333333333,83.33333333333333,95.0,92.0,92.0,88.0,85.0,,,,,,,,,
2023-12-10 00:00:00,,278.0,278.0,236.66666666666666,134.0,57.5,175.0,237.66666666666666,77.5,173.0,135.66666666666666,76.4,76.4,95.0,80.0,79.0,75.0,100.0,100.0,97.0,,,,,,,
2023-12-10 12:00:00,279.5,303.5,285.0,275.0,225.0,66.0,258.0,245.0,235.0,223.0,77.5,47.0,60.0,87.33333333333333,75.5,95.0,95.0,106.0,80.0,80.0,70.0,70.0,90.0,,,,
2023-12-11 00:00:00,290.0,276.5,295.0,190.0,157.5,120.5,211.5,250.0,230.0,235.0,152.66666666666666,37.5,44.0,95.0,109.5,87.66666666666667,87.66666666666667,105.0,110.0,83.66666666666667,83.66666666666667,70.0,,,,,
2023-12-11 12:00:00,256.0,256.0,245.0,225.0,163.33333333333334,251.0,293.3333333333333,284.5,305.5,184.75,63.0,95.5,104.0,95.0,87.0,98.5,90.0,60.0,95.0,95.0,95.0,,,,,,
2023-12-12 00:00:00,250.0,250.0,270.0,270.0,260.0,261.75,260.0,272.75,275.0,259.0,148.25,113.0,125.0,105.0,85.0,85.0,90.0,80.0,,,,,,,,,
2023-12-12 12:00:00,254.33333333333334,260.0,260.0,250.0,319.0,314.6666666666667,314.6666666666667,246.66666666666666,246.66666666666666,260.25,102.0,122.33333333333333,107.5,60.0,72.0,95.0,78.5,95.0,100.0,90.0,90.0,105.0,97.5,,,,
2023-12-13 00:00:00,261.0,255.0,255.0,211.66666666666666,275.0,317.5,293.5,285.0,231.6,118.0,105.0,114.5,88.33333333333333,75.5,100.0,98.0,77.0,85.0,90.0,90.0,90.0,,,,,,
2023-12-13 12:00:00,265.0,262.5,262.5,210.0,306.25,327.0,295.0,321.6666666666667,179.2,102.5,97.33333333333333,62.333333333333336,62.333333333333336,70.0,93.5,95.0,95.0,95.0,95.0,95.0,76.0,76.0,,,,,
2023-12-14 00:00:00,261.0,270.0,245.0,230.0,249.0,278.8333333333333,294.6666666666667,303.25,200.0,160.0,88.66666666666667,83.75,67.0,95.0,95.0,104.0,104.0,95.0,86.0,,,,,,,,
2023-12-14 12:00:00,279.0,279.0,241.0,241.0,241.66666666666666,135.0,283.0,260.0,266.5,280.6666666666667,37.5,77.5,73.66666666666667,105.0,105.0,105.0,105.0,100.0,,,,,,,,,
2023-12-15 00:00:00,260.0,260.0,275.0,275.0,270.0,257.5,112.0,247.8,175.0,171.0,130.66666666666666,75.0,72.5,107.0,107.0,105.0,70.0,80.0,,,,,,,,,
2023-12-15 12:00:00,237.5,265.0,288.5,285.0,254.75,107.5,227.0,251.33333333333334,218.5,52.5,95.0,75.33333333333333,95.5,95.5,82.0,82.0,95.0,95.0,95.0,95.0,85.0,95.0,105.0,,,,
2023-12-16 00:00:00,209.33333333333334,255.5,290.0,285.0,298.75,67.5,237.5,234.75,222.4,125.0,140.0,113.66666666666667,115.0,90.0,90.0,70.0,70.0,80.0,80.0,85.0,,,,,,,
2023-12-16 12:00:00,217.0,231.0,255.0,301.0,312.5,237.5,180.0,246.25,317.0,16.666666666666668,27.333333333333332,93.75,105.0,85.0,85.0,71.0,85.0,102.5,102.5,100.0,100.0,90.0,90.0,,,,
2023-12-17 00:00:00,175.0,242.5,242.5,304.0,265.0,253.0,285.0,299.3333333333333,275.0,7.0,121.0,110.0,100.5,80.0,73.66666666666667,,,,,,,,,,,,
2023-12-17 12:00:00,,320.0,315.0,305.0,246.66666666666666,237.0,300.0,290.0,260.0,137.5,49.333333333333336,92.5,94.0,65.5,86.5,105.0,105.0,105.0,105.0,90.0,90.0,,,,,,
2023-12-18 00:00:00,,310.0,310.0,317.5,310.0,245.0,281.5,280.5,290.0,346.0,120.0,95.0,68.66666666666667,65.0,88.5,117.5,91.66666666666667,75.0,,,,,,,,,
2023-12-18 12:00:00,,327.0,331.5,296.3333333333333,270.0,272.5,245.0,283.3333333333333,290.0,171.75,171.75,86.66666666666667,52.666666666666664,52.666666666666664,92.5,100.0,,,,,,,,,,,
2023-12-19 00:00:00,,325.0,311.5,275.0,265.0,285.0,240.0,270.0,260.5,201.25,125.33333333333333,75.0,,,,,,,,,,,,,,,
2023-12-19 12:00:00,330.0,310.5,309.0,265.0,247.5,292.5,277.5,319.4,233.0,145.0,67.5,88.66666666666667,110.0,110.0,100.0,65.0,88.0,85.0,94.5,,,,,,,,
2023-12-20 00:00:00,,325.0,338.5,260.6666666666667,228.0,235.0,298.5,260.0,224.25,151.0,65.0,81.66666666666667,118.5,100.0,73.0,60.0,60.0,100.0,100.0,,,,,,,,
2023-12-20 12:00:00,325.0,338.5,320.0,255.66666666666666,235.0,195.0,267.0,274.6,255.0,219.66666666666666,54.0,72.0,98.33333333333333,95.0,76.5,70.0,,,,,,,,,,,
2023-12-21 00:00:00,,315.0,325.0,256.6666666666667,208.33333333333334,232.5,218.0,215.0,263.75,14.5,67.5,91.0,110.0,79.5,92.0,100.0,96.0,95.0,95.0,81.5,70.0,70.0,94.0,,,,
2023-12-21 12:00:00,,280.0,273.5,237.66666666666666,210.0,210.0,163.0,277.75,313.0,327.5,55.0,107.33333333333333,111.5,80.5,80.5,105.0,105.0,105.0,105.0,105.0,80.0,,,,,,
2023-12-22 00:00:00,,,272.0,276.0,269.0,267.0,266.0,265.0,265.0,201.0,143.0,110.0,,,,,,,,,,,,,,,
2023-12-22 12:00:00,246.66666666666666,246.66666666666666,294.0,265.0,215.0,257.5,302.0,295.3333333333333,308.0,241.33333333333334,115.0,112.5,103.0,70.0,90.0,106.33333333333333,106.33333333333333,85.0,73.0,65.0,,,,,,,
2023-12-23 00:00:00,,,249.0,267.3333333333333,231.66666666666666,195.0,289.5,278.3333333333333,221.25,149.33333333333334,139.5,117.5,75.0,86.33333333333333,90.0,79.0,79.0,70.0,75.0,105.0,,,,,,,
2023-12-23 12:00:00,240.0,271.0,285.0,260.0,312.0,304.5,300.0,310.0,147.8,117.5,117.5,88.0,75.5,96.0,100.0,84.5,80.0,85.0,102.5,102.5,95.0,95.0,,,,,
2023-12-24 00:00:00,,236.0,248.0,259.5,190.0,176.0,246.66666666666666,301.3333333333333,301.3333333333333,137.5,80.0,64.0,95.33333333333333,95.33333333333333,105.0,97.0,90.0,73.0,83.0,90.0,85.0,,,,,,
2023-12-24 12:00:00,,287.6666666666667,287.6666666666667,256.6666666666667,230.0,272.75,295.0,304.3333333333333,147.5,42.0,70.0,82.5,110.0,93.5,93.5,80.0,80.0,100.0,,,,,,,,,
2023-12-25 00:00:00,241.5,241.5,255.0,255.0,240.0,237.0,236.0,235.0,186.0,166.0,166.0,110.0,103.0,103.0,81.0,77.0,77.0,99.0,,,,,,,,,
2023-12-25 12:00:00,210.0,250.0,265.0,270.0,253.33333333333334,213.33333333333334,220.0,195.5,115.25,45.0,60.0,83.66666666666667,85.0,85.0,90.0,90.0,107.5,96.0,,,,,,,,,
2023-12-26 00:00:00,250.0,250.0,240.0,222.5,190.0,190.0,199.5,201.25,164.5,147.5,90.0,110.0,105.66666666666667,80.0,78.0,77.0,75.0,80.0,,,,,,,,,
2023-12-26 12:00:00,182.0,187.0,187.0,191.8,229.0,281.6666666666667,259.3333333333333,300.0,334.0,85.5,140.0,,,,,,,,,,,,,,,,
2023-12-27 00:00:00,,,200.0,211.66666666666666,211.66666666666666,280.0,280.0,240.0,209.0,209.0,153.0,127.5,121.0,121.0,121.0,79.0,79.0,75.0,,,,,,,,,
2023-12-27 12:00:00,186.0,300.0,300.0,300.0,300.0,286.6666666666667,265.0,211.25,211.25,150.0,113.0,90.0,80.0,83.66666666666667,83.66666666666667,80.0,,,,,,,,,,,
2023-12-28 00:00:00,247.5,285.0,260.0,272.0,277.5,240.66666666666666,230.0,242.5,334.3333333333333,153.25,135.0,74.25,72.0,72.0,80.0,88.0,88.0,95.0,95.0,,,,,,,,
2023-12-28 12:00:00,304.6666666666667,304.6666666666667,310.0,312.5,280.0,266.0,267.5,248.0,161.0,105.5,101.66666666666667,88.25,94.0,85.0,91.5,85.0,85.0,96.0,100.0,,,,,,,,
2023-12-29 00:00:00,320.0,295.0,315.0,303.3333333333333,45.0,215.0,197.5,149.25,37.5,92.33333333333333,75.0,93.33333333333333,93.33333333333333,97.5,97.5,95.0,95.0,107.5,85.0,,,,,,,,
2023-12-29 12:00:00,322.0,333.0,329.75,338.25,247.5,225.0,168.0,31.0,69.5,58.0,63.0,106.0,90.0,97.66666666666667,97.66666666666667,90.0,85.0,,,,,,,,,,
2023-12-30 00:00:00,315.0,126.33333333333333,35.0,58.333333333333336,165.0,190.0,141.5,109.2,30.666666666666668,72.5,59.5,114.0,120.0,87.5,87.5,85.0,85.0,90.0,75.0,,,,,,,,
2023-12-30 12:00:00,,18.5,45.0,193.5,172.5,65.0,58.5,15.2,67.33333333333333,79.25,111.5,115.0,80.0,,,,,,,,,,,,,,
2023-12-31 00:00:00,149.0,175.0,205.0,205.0,175.0,85.0,12.0,30.8,160.0,157.5,107.5,93.33333333333333,90.0,94.5,93.0,90.0,87.0,95.0,90.0,100.0,,,,,,,
2023-12-31 12:00:00,,,79.0,93.33333333333333,85.0,33.5,91.0,166.0,105.0,57.5,90.0,67.5,110.0,85.0,86.0,96.66666666666667,82.5,,,,,,,,,,
